t,target,cmd,measured
0,20,68,0
0.005,20,68,0
0.01,20,68,0
0.015,20,68,0
0.02,20,68,0
0.025,20,68,0
0.03,20,68,0
0.035,20,68,0
0.04,20,68,0
0.045,20,68,0
0.05,20,68,0
0.055,20,68,0
0.06,20,68,0
0.065,20,68,0
0.07,20,68,0.3
0.075,20,66.38,0.6
0.08,20,64.8145,0.9
0.085,20,63.2987,1.2
0.09,20,61.8279,1.5
0.095,20,60.3981,1.9
0.1,20,58.4655,2.2
0.105,20,57.125,2.5
0.11,20,55.8137,2.9
0.115,20,53.9888,3.2
0.12,20,52.7462,3.6
0.125,20,50.9838,3.9
0.13,20,49.798,4.2
0.135,20,48.6273,4.6
0.14,20,46.9302,4.9
0.145,20,45.8039,5.3
0.15,20,44.1471,5.6
0.155,20,43.0574,5.9
0.16,20,41.974,6.2
0.165,20,40.8964,6.5
0.17,20,39.824,6.9
0.175,20,38.2163,7.2
0.18,20,37.1712,7.5
0.185,20,36.1284,7.8
0.19,20,35.0876,8.1
0.195,20,34.0487,8.4
0.2,20,33.0116,8.6
0.205,20,32.516,8.9
0.21,20,31.4636,9.2
0.215,20,30.4142,9.5
0.22,20,29.3675,9.7
0.225,20,28.8631,10
0.23,20,27.8029,10.2
0.235,20,27.2862,10.5
0.24,20,26.2148,10.7
0.245,20,25.688,10.9
0.25,20,25.1472,11.2
0.255,20,24.0539,11.4
0.26,20,23.5071,11.6
0.265,20,22.9483,11.8
0.27,20,22.3785,12
0.275,20,21.7986,12.3
0.28,20,20.6696,12.5
0.285,20,20.0906,12.6
0.29,20,20.0423,12.8
0.295,20,19.4276,13
0.3,20,18.8069,13.2
0.305,20,18.1808,13.4
0.31,20,17.5498,13.6
0.315,20,16.9144,13.7
0.32,20,16.8149,13.9
0.325,20,16.1535,14
0.33,20,16.0305,14.2
0.335,20,15.3477,14.4
0.34,20,14.6652,14.5
0.345,20,14.5229,14.6
0.35,20,14.3626,14.8
0.355,20,13.646,14.9
0.36,20,13.4728,15.1
0.365,20,12.7443,15.2
0.37,20,12.5603,15.3
0.375,20,12.3621,15.4
0.38,20,12.151,15.6
0.385,20,11.3882,15.7
0.39,20,11.1729,15.8
0.395,20,10.9463,15.9
0.4,20,10.7093,16
0.405,20,10.463,16.1
0.41,20,10.2082,16.2
0.415,20,9.94564,16.3
0.42,20,9.67604,16.4
0.425,20,9.40003,16.5
0.43,20,9.11821,16.6
0.435,20,8.8311,16.7
0.44,20,8.53918,16.8
0.445,20,8.24289,16.8
0.45,20,8.48263,16.9
0.455,20,8.16057,17
0.46,20,7.83689,17.1
0.465,20,7.51171,17.2
0.47,20,7.18519,17.2
0.475,20,7.39745,17.3
0.48,20,7.05041,17.4
0.485,20,6.70401,17.4
0.49,20,6.89819,17.5
0.495,20,6.53472,17.6
0.5,20,6.17338,17.6
0.505,20,6.35398,17.7
0.51,20,5.97816,17.8
0.515,20,5.6056,17.8
0.52,20,5.776,17.9
0.525,20,5.39091,17.9
0.53,20,5.54992,18
0.535,20,5.15447,18
0.54,20,5.30407,18.1
0.545,20,4.90006,18.1
0.55,20,5.04187,18.2
0.555,20,4.63079,18.2
0.56,20,4.76618,18.3
0.565,20,4.34925,18.3
0.57,20,4.47932,18.4
0.575,20,4.05756,18.4
0.58,20,4.18324,18.5
0.585,20,3.75749,18.5
0.59,20,3.87954,18.5
0.595,20,3.99049,18.6
0.6,20,3.55135,18.6
0.605,20,3.66123,18.6
0.61,20,3.76112,18.7
0.615,20,3.31193,18.7
0.62,20,3.41266,18.7
0.625,20,3.50424,18.8
0.63,20,3.04749,18.8
0.635,20,3.14135,18.8
0.64,20,3.22668,18.9
0.645,20,2.76426,18.9
0.65,20,2.85296,18.9
0.655,20,2.9336,19
0.66,20,2.46691,19
0.665,20,2.55174,19
0.67,20,2.62885,19
0.675,20,2.69896,19.1
0.68,20,2.22269,19.1
0.685,20,2.29881,19.1
0.69,20,2.36801,19.1
0.695,20,2.43091,19.2
0.7,20,1.9481,19.2
0.705,20,2.01828,19.2
0.71,20,2.08207,19.2
0.715,20,2.14006,19.2
0.72,20,2.19278,19.3
0.725,20,1.70071,19.3
0.73,20,1.76247,19.3
0.735,20,1.81861,19.3
0.74,20,1.86964,19.3
0.745,20,1.91604,19.4
0.75,20,1.41822,19.4
0.755,20,1.47474,19.4
0.76,20,1.52613,19.4
0.765,20,1.57284,19.4
0.77,20,1.61531,19.4
0.775,20,1.65392,19.4
0.78,20,1.68902,19.5
0.785,20,1.18093,19.5
0.79,20,1.22812,19.5
0.795,20,1.27101,19.5
0.8,20,1.31001,19.5
0.805,20,1.34547,19.5
0.81,20,1.3777,19.5
0.815,20,1.407,19.6
0.82,20,0.893633,19.6
0.825,20,0.93603,19.6
0.83,20,0.974573,19.6
0.835,20,1.00961,19.6
0.84,20,1.04147,19.6
0.845,20,1.07042,19.6
0.85,20,1.09675,19.6
0.855,20,1.12068,19.6
0.86,20,1.14244,19.6
0.865,20,1.16222,19.7
0.87,20,0.640195,19.7
0.875,20,0.674723,19.7
0.88,20,0.706112,19.7
0.885,20,0.734647,19.7
0.89,20,0.760588,19.7
0.895,20,0.784171,19.7
0.9,20,0.80561,19.7
0.905,20,0.8251,19.7
0.91,20,0.842818,19.7
0.915,20,0.858926,19.7
0.92,20,0.873569,19.7
0.925,20,0.886881,19.7
0.93,20,0.898983,19.8
0.935,20,0.369984,19.8
0.94,20,0.398167,19.8
0.945,20,0.423789,19.8
0.95,20,0.447081,19.8
0.955,20,0.468255,19.8
0.96,20,0.487505,19.8
0.965,20,0.505004,19.8
0.97,20,0.520913,19.8
0.975,20,0.535375,19.8
0.98,20,0.548523,19.8
0.985,20,0.560475,19.8
0.99,20,0.571341,19.8
0.995,20,0.581219,19.8
1,20,0.590199,19.8
1.005,20,0.598363,19.8
1.01,20,0.605785,19.8
1.015,20,0.612532,19.8
1.02,20,0.618665,19.8
1.025,20,0.624241,19.9
1.03,20,0.0893099,19.9
1.035,20,0.1121,19.9
1.04,20,0.132818,19.9
1.045,20,0.151653,19.9
1.05,20,0.168775,19.9
1.055,20,0.184341,19.9
1.06,20,0.198492,19.9
1.065,20,0.211356,19.9
1.07,20,0.223051,19.9
1.075,20,0.233683,19.9
1.08,20,0.243348,19.9
1.085,20,0.252135,19.9
1.09,20,0.260122,19.9
1.095,20,0.267384,19.9
1.1,20,0.273985,19.9
1.105,20,0.279987,19.9
1.11,20,0.285443,19.9
1.115,20,0.290402,19.9
1.12,20,0.294911,19.9
1.125,20,0.29901,19.9
1.13,20,0.302737,19.9
1.135,20,0.306124,19.9
1.14,20,0.309204,19.9
1.145,20,0.312003,19.9
1.15,20,0.314549,19.9
1.155,20,0.316862,19.9
1.16,20,0.318966,19.9
1.165,20,0.320878,19.9
1.17,20,0.322616,19.9
1.175,20,0.324197,19.9
1.18,20,0.325633,19.9
1.185,20,0.326939,19.9
1.19,20,0.328127,19.9
1.195,20,0.329206,19.9
1.2,20,0.330187,19.9
1.205,20,0.331079,19.9
1.21,20,0.33189,19.9
1.215,20,0.332628,19.9
1.22,20,0.333298,19.9
1.225,20,0.333907,20
1.23,20,-0.205539,20
1.235,20,-0.186854,20
1.24,20,-0.169867,20
1.245,20,-0.154424,20
1.25,20,-0.140386,20
1.255,20,-0.127624,20
1.26,20,-0.116021,20
1.265,20,-0.105474,20
1.27,20,-0.0958855,20
1.275,20,-0.0871686,20
1.28,20,-0.0792442,20
1.285,20,-0.0720402,20
1.29,20,-0.0654911,20
1.295,20,-0.0595373,20
1.3,20,-0.0541248,20
1.305,20,-0.0492044,20
1.31,20,-0.0447313,20
1.315,20,-0.0406648,20
1.32,20,-0.036968,20
1.325,20,-0.0336073,20
1.33,20,-0.0305521,20
1.335,20,-0.0277746,20
1.34,20,-0.0252496,20
1.345,20,-0.0229542,20
1.35,20,-0.0208675,20
1.355,20,-0.0189704,20
1.36,20,-0.0172458,20
1.365,20,-0.015678,20
1.37,20,-0.0142528,20
1.375,20,-0.0129571,20
1.38,20,-0.0117791,20
1.385,20,-0.0107083,20
1.39,20,-0.00973483,20
1.395,20,-0.00884984,20
1.4,20,-0.00804531,20
1.405,20,-0.00731392,20
1.41,20,-0.00664902,20
1.415,20,-0.00604456,20
1.42,20,-0.00549506,20
1.425,20,-0.00499551,20
1.43,20,-0.00454137,20
1.435,20,-0.00412852,20
1.44,20,-0.0037532,20
1.445,20,-0.003412,20
1.45,20,-0.00310182,20
1.455,20,-0.00281983,20
1.46,20,-0.00256348,20
1.465,20,-0.00233044,20
1.47,20,-0.00211858,20
1.475,20,-0.00192598,20
1.48,20,-0.00175089,20
1.485,20,-0.00159172,20
1.49,20,-0.00144702,20
1.495,20,-0.00131547,20
1.5,20,-0.00119588,20
1.505,20,-0.00108717,20
1.51,20,-0.000988334,20
1.515,20,-0.000898486,20
1.52,20,-0.000816805,20
1.525,20,-0.00074255,20
1.53,20,-0.000675046,20
1.535,20,-0.000613678,20
1.54,20,-0.000557889,20
1.545,20,-0.000507172,20
1.55,20,-0.000461065,20
1.555,20,-0.00041915,20
1.56,20,-0.000381046,20
1.565,20,-0.000346405,20
1.57,20,-0.000314914,20
1.575,20,-0.000286285,20
1.58,20,-0.000260259,20
1.585,20,-0.000236599,20
1.59,20,-0.00021509,20
1.595,20,-0.000195537,20
1.6,20,-0.000177761,20
1.605,20,-0.000161601,20
1.61,20,-0.00014691,20
1.615,20,-0.000133554,20
1.62,20,-0.000121413,20
1.625,20,-0.000110375,20
1.63,20,-0.000100341,20
1.635,20,-9.12193e-05,20
1.64,20,-8.29266e-05,20
1.645,20,-7.53878e-05,20
1.65,20,-6.85344e-05,20
1.655,20,-6.2304e-05,20
1.66,20,-5.664e-05,20
1.665,20,-5.14909e-05,20
1.67,20,-4.68099e-05,20
1.675,20,-4.25545e-05,20
1.68,20,-3.86859e-05,20
1.685,20,-3.5169e-05,20
1.69,20,-3.19718e-05,20
1.695,20,-2.90653e-05,20
1.7,20,-2.6423e-05,20
1.705,20,-2.40209e-05,20
1.71,20,-2.18372e-05,20
1.715,20,-1.9852e-05,20
1.72,20,-1.80473e-05,20
1.725,20,-1.64066e-05,20
1.73,20,-1.49151e-05,20
1.735,20,-1.35592e-05,20
1.74,20,-1.23265e-05,20
1.745,20,-1.12059e-05,20
1.75,20,-1.01872e-05,20
1.755,20,-9.26109e-06,20
1.76,20,-8.41918e-06,20
1.765,20,-7.6538e-06,20
1.77,20,-6.958e-06,20
1.775,20,-6.32545e-06,20
1.78,20,-5.75041e-06,20
1.785,20,-5.22765e-06,20
1.79,20,-4.75241e-06,20
1.795,20,-4.32037e-06,20
1.8,20,-3.92761e-06,20
1.805,20,-3.57055e-06,20
1.81,20,-3.24596e-06,20
1.815,20,-2.95087e-06,20
1.82,20,-2.68261e-06,20
1.825,20,-2.43874e-06,20
1.83,20,-2.21703e-06,20
1.835,20,-2.01548e-06,20
1.84,20,-1.83226e-06,20
1.845,20,-1.66569e-06,20
1.85,20,-1.51426e-06,20
1.855,20,-1.3766e-06,20
1.86,20,-1.25146e-06,20
1.865,20,-1.13769e-06,20
1.87,20,-1.03426e-06,20
1.875,20,-9.40238e-07,20
1.88,20,-8.54762e-07,20
1.885,20,-7.77056e-07,20
1.89,20,-7.06415e-07,20
1.895,20,-6.42195e-07,20
1.9,20,-5.83814e-07,20
1.905,20,-5.3074e-07,20
1.91,20,-4.82491e-07,20
1.915,20,-4.38628e-07,20
1.92,20,-3.98753e-07,20
1.925,20,-3.62502e-07,20
1.93,20,-3.29548e-07,20
1.935,20,-2.99589e-07,20
1.94,20,-2.72353e-07,20
1.945,20,-2.47594e-07,20
1.95,20,-2.25086e-07,20
1.955,20,-2.04623e-07,20
1.96,20,-1.86021e-07,20
1.965,20,-1.6911e-07,20
1.97,20,-1.53736e-07,20
1.975,20,-1.3976e-07,20
1.98,20,-1.27055e-07,20
1.985,20,-1.15504e-07,20
1.99,20,-1.05004e-07,20
1.995,20,-9.54582e-08,20
2,20,-8.67802e-08,20
2.005,20,-7.88911e-08,20
2.01,20,-7.17192e-08,20
2.015,20,-6.51993e-08,20
2.02,20,-5.9272e-08,20
2.025,20,-5.38837e-08,20
2.03,20,-4.89852e-08,20
2.035,20,-4.4532e-08,20
2.04,20,-4.04836e-08,20
2.045,20,-3.68033e-08,20
2.05,20,-3.34575e-08,20
2.055,20,-3.04159e-08,20
2.06,20,-2.76508e-08,20
2.065,20,-2.51371e-08,20
2.07,20,-2.28519e-08,20
2.075,20,-2.07745e-08,20
2.08,20,-1.88859e-08,20
2.085,20,-1.7169e-08,20
2.09,20,-1.56082e-08,20
2.095,20,-1.41893e-08,20
2.1,20,-1.28993e-08,20
2.105,20,-1.17267e-08,20
2.11,20,-1.06606e-08,20
2.115,20,-9.69145e-09,20
2.12,20,-8.81041e-09,20
2.125,20,-8.00947e-09,20
2.13,20,-7.28133e-09,20
2.135,20,-6.61939e-09,20
2.14,20,-6.01763e-09,20
2.145,20,-5.47057e-09,20
2.15,20,-4.97325e-09,20
2.155,20,-4.52113e-09,20
2.16,20,-4.11012e-09,20
2.165,20,-3.73647e-09,20
2.17,20,-3.3968e-09,20
2.175,20,-3.088e-09,20
2.18,20,-2.80727e-09,20
2.185,20,-2.55206e-09,20
2.19,20,-2.32006e-09,20
2.195,20,-2.10914e-09,20
2.2,20,-1.9174e-09,20
2.205,20,-1.74309e-09,20
2.21,20,-1.58463e-09,20
2.215,20,-1.44057e-09,20
2.22,20,-1.30961e-09,20
2.225,20,-1.19056e-09,20
2.23,20,-1.08232e-09,20
2.235,20,-9.83931e-10,20
2.24,20,-8.94482e-10,20
2.245,20,-8.13166e-10,20
2.25,20,-7.39242e-10,20
2.255,20,-6.72038e-10,20
2.26,20,-6.10944e-10,20
2.265,20,-5.55403e-10,20
2.27,20,-5.04912e-10,20
2.275,20,-4.59011e-10,20
2.28,20,-4.17283e-10,20
2.285,20,-3.79348e-10,20
2.29,20,-3.44862e-10,20
2.295,20,-3.13511e-10,20
2.3,20,-2.8501e-10,20
2.305,20,-2.591e-10,20
2.31,20,-2.35545e-10,20
2.315,20,-2.14132e-10,20
2.32,20,-1.94665e-10,20
2.325,20,-1.76969e-10,20
2.33,20,-1.60881e-10,20
2.335,20,-1.46255e-10,20
2.34,20,-1.32959e-10,20
2.345,20,-1.20872e-10,20
2.35,20,-1.09884e-10,20
2.355,20,-9.98941e-11,20
2.36,20,-9.08129e-11,20
2.365,20,-8.25571e-11,20
2.37,20,-7.50519e-11,20
2.375,20,-6.8229e-11,20
2.38,20,-6.20264e-11,20
2.385,20,-5.63876e-11,20
2.39,20,-5.12615e-11,20
2.395,20,-4.66014e-11,20
2.4,20,-4.23649e-11,20
2.405,20,-3.85135e-11,20
2.41,20,-3.50123e-11,20
2.415,20,-3.18294e-11,20
2.42,20,-2.89358e-11,20
2.425,20,-2.63053e-11,20
2.43,20,-2.39139e-11,20
2.435,20,-2.17399e-11,20
2.44,20,-1.97635e-11,20
2.445,20,-1.79668e-11,20
2.45,20,-1.63335e-11,20
2.455,20,-1.48486e-11,20
2.46,20,-1.34988e-11,20
2.465,20,-1.22716e-11,20
2.47,20,-1.1156e-11,20
2.475,20,-1.01418e-11,20
2.48,20,-9.21983e-12,20
2.485,20,-8.38166e-12,20
2.49,20,-7.61969e-12,20
2.495,20,-6.92699e-12,20
2.5,20,-6.29727e-12,20
2.505,20,-5.72479e-12,20
2.51,20,-5.20435e-12,20
2.515,20,-4.73123e-12,20
2.52,20,-4.30112e-12,20
2.525,20,-3.91011e-12,20
2.53,20,-3.55464e-12,20
2.535,20,-3.23149e-12,20
2.54,20,-2.93772e-12,20
2.545,20,-2.67066e-12,20
2.55,20,-2.42787e-12,20
2.555,20,-2.20715e-12,20
2.56,20,-2.0065e-12,20
2.565,20,-1.82409e-12,20
2.57,20,-1.65827e-12,20
2.575,20,-1.50752e-12,20
2.58,20,-1.37047e-12,20
2.585,20,-1.24588e-12,20
2.59,20,-1.13262e-12,20
2.595,20,-1.02965e-12,20
2.6,20,-9.36049e-13,20
2.605,20,-8.50953e-13,20
2.61,20,-7.73594e-13,20
2.615,20,-7.03267e-13,20
2.62,20,-6.39334e-13,20
2.625,20,-5.81213e-13,20
2.63,20,-5.28375e-13,20
2.635,20,-4.80341e-13,20
2.64,20,-4.36674e-13,20
2.645,20,-3.96976e-13,20
2.65,20,-3.60887e-13,20
2.655,20,-3.28079e-13,20
2.66,20,-2.98254e-13,20
2.665,20,-2.7114e-13,20
2.67,20,-2.46491e-13,20
2.675,20,-2.24083e-13,20
2.68,20,-2.03711e-13,20
2.685,20,-1.85192e-13,20
2.69,20,-1.68357e-13,20
2.695,20,-1.53051e-13,20
2.7,20,-1.39138e-13,20
2.705,20,-1.26489e-13,20
2.71,20,-1.1499e-13,20
2.715,20,-1.04536e-13,20
2.72,20,-9.50329e-14,20
2.725,20,-8.63936e-14,20
2.73,20,-7.85396e-14,20
2.735,20,-7.13996e-14,20
2.74,20,-6.49088e-14,20
2.745,20,-5.9008e-14,20
2.75,20,-5.36436e-14,20
2.755,20,-4.87669e-14,20
2.76,20,-4.43336e-14,20
2.765,20,-4.03032e-14,20
2.77,20,-3.66393e-14,20
2.775,20,-3.33085e-14,20
2.78,20,-3.02804e-14,20
2.785,20,-2.75276e-14,20
2.79,20,-2.50251e-14,20
2.795,20,-2.27501e-14,20
2.8,20,-2.06819e-14,20
2.805,20,-1.88018e-14,20
2.81,20,-1.70925e-14,20
2.815,20,-1.55386e-14,20
2.82,20,-1.4126e-14,20
2.825,20,-1.28419e-14,20
2.83,20,-1.16744e-14,20
2.835,20,-1.06131e-14,20
2.84,20,-9.64827e-15,20
2.845,20,-8.77116e-15,20
2.85,20,-7.97378e-15,20
2.855,20,-7.24889e-15,20
2.86,20,-6.5899e-15,20
2.865,20,-5.99082e-15,20
2.87,20,-5.4462e-15,20
2.875,20,-4.95109e-15,20
2.88,20,-4.50099e-15,20
2.885,20,-4.09181e-15,20
2.89,20,-3.71983e-15,20
2.895,20,-3.38166e-15,20
2.9,20,-3.07424e-15,20
2.905,20,-2.79476e-15,20
2.91,20,-2.54069e-15,20
2.915,20,-2.30972e-15,20
2.92,20,-2.09975e-15,20
2.925,20,-1.90886e-15,20
2.93,20,-1.73533e-15,20
2.935,20,-1.57757e-15,20
2.94,20,-1.43415e-15,20
2.945,20,-1.30378e-15,20
2.95,20,-1.18525e-15,20
2.955,20,-1.0775e-15,20
2.96,20,-9.79547e-16,20
2.965,20,-8.90497e-16,20
2.97,20,-8.09543e-16,20
2.975,20,-7.35948e-16,20
2.98,20,-6.69044e-16,20
2.985,20,-6.08221e-16,20
2.99,20,-5.52929e-16,20
2.995,20,-5.02662e-16,20
3,20,-4.56966e-16,20
3.005,20,-4.15423e-16,20
3.01,20,-3.77658e-16,20
3.015,20,-3.43325e-16,20
3.02,20,-3.12114e-16,20
3.025,20,-2.8374e-16,20
3.03,20,-2.57945e-16,20
3.035,20,-2.34496e-16,20
3.04,20,-2.13178e-16,20
3.045,20,-1.93798e-16,20
3.05,20,-1.7618e-16,20
3.055,20,-1.60164e-16,20
3.06,20,-1.45603e-16,20
3.065,20,-1.32367e-16,20
3.07,20,-1.20333e-16,20
3.075,20,-1.09394e-16,20
3.08,20,-9.94491e-17,20
3.085,20,-9.04082e-17,20
3.09,20,-8.21893e-17,20
3.095,20,-7.47176e-17,20
3.1,20,-6.7925e-17,20
3.105,20,-6.175e-17,20
3.11,20,-5.61364e-17,20
3.115,20,-5.10331e-17,20
3.12,20,-4.63937e-17,20
3.125,20,-4.21761e-17,20
3.13,20,-3.83419e-17,20
3.135,20,-3.48563e-17,20
3.14,20,-3.16875e-17,20
3.145,20,-2.88069e-17,20
3.15,20,-2.6188e-17,20
3.155,20,-2.38073e-17,20
3.16,20,-2.1643e-17,20
3.165,20,-1.96755e-17,20
3.17,20,-1.78868e-17,20
3.175,20,-1.62607e-17,20
3.18,20,-1.47825e-17,20
3.185,20,-1.34386e-17,20
3.19,20,-1.22169e-17,20
3.195,20,-1.11063e-17,20
3.2,20,-1.00966e-17,20
3.205,20,-9.17875e-18,20
3.21,20,-8.34432e-18,20
3.215,20,-7.58574e-18,20
3.22,20,-6.89613e-18,20
3.225,20,-6.26921e-18,20
3.23,20,-5.69928e-18,20
3.235,20,-5.18117e-18,20
3.24,20,-4.71015e-18,20
3.245,20,-4.28195e-18,20
3.25,20,-3.89269e-18,20
3.255,20,-3.53881e-18,20
3.26,20,-3.2171e-18,20
3.265,20,-2.92463e-18,20
3.27,20,-2.65876e-18,20
3.275,20,-2.41705e-18,20
3.28,20,-2.19732e-18,20
3.285,20,-1.99756e-18,20
3.29,20,-1.81597e-18,20
3.295,20,-1.65088e-18,20
3.3,20,-1.5008e-18,20
3.305,20,-1.36436e-18,20
3.31,20,-1.24033e-18,20
3.315,20,-1.12757e-18,20
3.32,20,-1.02507e-18,20
3.325,20,-9.31878e-19,20
3.33,20,-8.47162e-19,20
3.335,20,-7.70147e-19,20
3.34,20,-7.00134e-19,20
3.345,20,-6.36485e-19,20
3.35,20,-5.78623e-19,20
3.355,20,-5.26021e-19,20
3.36,20,-4.78201e-19,20
3.365,20,-4.34728e-19,20
3.37,20,-3.95207e-19,20
3.375,20,-3.59279e-19,20
3.38,20,-3.26618e-19,20
3.385,20,-2.96925e-19,20
3.39,20,-2.69932e-19,20
3.395,20,-2.45393e-19,20
3.4,20,-2.23084e-19,20
3.405,20,-2.02804e-19,20
3.41,20,-1.84367e-19,20
3.415,20,-1.67606e-19,20
3.42,20,-1.5237e-19,20
3.425,20,-1.38518e-19,20
3.43,20,-1.25925e-19,20
3.435,20,-1.14477e-19,20
3.44,20,-1.0407e-19,20
3.445,20,-9.46095e-20,20
3.45,20,-8.60086e-20,20
3.455,20,-7.81897e-20,20
3.46,20,-7.10815e-20,20
3.465,20,-6.46195e-20,20
3.47,20,-5.8745e-20,20
3.475,20,-5.34046e-20,20
3.48,20,-4.85496e-20,20
3.485,20,-4.4136e-20,20
3.49,20,-4.01237e-20,20
3.495,20,-3.64761e-20,20
3.5,20,-3.316e-20,20
3.505,20,-3.01455e-20,20
3.51,20,-2.7405e-20,20
3.515,20,-2.49136e-20,20
3.52,20,-2.26488e-20,20
3.525,20,-2.05898e-20,20
3.53,20,-1.8718e-20,20
3.535,20,-1.70163e-20,20
3.54,20,-1.54694e-20,20
3.545,20,-1.40631e-20,20
3.55,20,-1.27846e-20,20
3.555,20,-1.16224e-20,20
3.56,20,-1.05658e-20,20
3.565,20,-9.60528e-21,20
3.57,20,-8.73208e-21,20
3.575,20,-7.93825e-21,20
3.58,20,-7.21659e-21,20
3.585,20,-6.56054e-21,20
3.59,20,-5.96413e-21,20
3.595,20,-5.42193e-21,20
3.6,20,-4.92903e-21,20
3.605,20,-4.48094e-21,20
3.61,20,-4.07358e-21,20
3.615,20,-3.70325e-21,20
3.62,20,-3.36659e-21,20
3.625,20,-3.06054e-21,20
3.63,20,-2.78231e-21,20
3.635,20,-2.52937e-21,20
3.64,20,-2.29943e-21,20
3.645,20,-2.09039e-21,20
3.65,20,-1.90035e-21,20
3.655,20,-1.72759e-21,20
3.66,20,-1.57054e-21,20
3.665,20,-1.42776e-21,20
3.67,20,-1.29797e-21,20
3.675,20,-1.17997e-21,20
3.68,20,-1.0727e-21,20
3.685,20,-9.75182e-22,20
3.69,20,-8.86529e-22,20
3.695,20,-8.05936e-22,20
3.7,20,-7.32669e-22,20
3.705,20,-6.66063e-22,20
3.71,20,-6.05511e-22,20
3.715,20,-5.50465e-22,20
3.72,20,-5.00423e-22,20
3.725,20,-4.5493e-22,20
3.73,20,-4.13572e-22,20
3.735,20,-3.75975e-22,20
3.74,20,-3.41795e-22,20
3.745,20,-3.10723e-22,20
3.75,20,-2.82476e-22,20
3.755,20,-2.56796e-22,20
3.76,20,-2.33451e-22,20
3.765,20,-2.12228e-22,20
3.77,20,-1.92935e-22,20
3.775,20,-1.75395e-22,20
3.78,20,-1.5945e-22,20
3.785,20,-1.44955e-22,20
3.79,20,-1.31777e-22,20
3.795,20,-1.19797e-22,20
3.8,20,-1.08907e-22,20
3.805,20,-9.9006e-23,20
3.81,20,-9.00054e-23,20
3.815,20,-8.18231e-23,20
3.82,20,-7.43846e-23,20
3.825,20,-6.76224e-23,20
3.83,20,-6.14749e-23,20
3.835,20,-5.58863e-23,20
3.84,20,-5.08057e-23,20
3.845,20,-4.6187e-23,20
3.85,20,-4.19882e-23,20
3.855,20,-3.81711e-23,20
3.86,20,-3.4701e-23,20
3.865,20,-3.15463e-23,20
3.87,20,-2.86785e-23,20
3.875,20,-2.60714e-23,20
3.88,20,-2.37012e-23,20
3.885,20,-2.15466e-23,20
3.89,20,-1.95878e-23,20
3.895,20,-1.78071e-23,20
3.9,20,-1.61883e-23,20
3.905,20,-1.47166e-23,20
3.91,20,-1.33787e-23,20
3.915,20,-1.21625e-23,20
3.92,20,-1.10568e-23,20
3.925,20,-1.00516e-23,20
3.93,20,-9.13785e-24,20
3.935,20,-8.30714e-24,20
3.94,20,-7.55195e-24,20
3.945,20,-6.8654e-24,20
3.95,20,-6.24128e-24,20
3.955,20,-5.67389e-24,20
3.96,20,-5.15808e-24,20
3.965,20,-4.68916e-24,20
3.97,20,-4.26288e-24,20
3.975,20,-3.87534e-24,20
3.98,20,-3.52304e-24,20
3.985,20,-3.20276e-24,20
3.99,20,-2.9116e-24,20
3.995,20,-2.64691e-24,20
4,20,-2.40628e-24,20
4.005,20,-2.18753e-24,20
4.01,20,-1.98866e-24,20
4.015,20,-1.80788e-24,20
4.02,20,-1.64352e-24,20
4.025,20,-1.49411e-24,20
4.03,20,-1.35828e-24,20
4.035,20,-1.2348e-24,20
4.04,20,-1.12255e-24,20
4.045,20,-1.0205e-24,20
4.05,20,-9.27726e-25,20
4.055,20,-8.43387e-25,20
4.06,20,-7.66716e-25,20
4.065,20,-6.97014e-25,20
4.07,20,-6.33649e-25,20
4.075,20,-5.76045e-25,20
4.08,20,-5.23677e-25,20
4.085,20,-4.7607e-25,20
4.09,20,-4.32791e-25,20
4.095,20,-3.93446e-25,20
4.1,20,-3.57679e-25,20
4.105,20,-3.25162e-25,20
4.11,20,-2.95602e-25,20
4.115,20,-2.68729e-25,20
4.12,20,-2.44299e-25,20
4.125,20,-2.2209e-25,20
4.13,20,-2.019e-25,20
4.135,20,-1.83546e-25,20
4.14,20,-1.6686e-25,20
4.145,20,-1.51691e-25,20
4.15,20,-1.37901e-25,20
4.155,20,-1.25364e-25,20
4.16,20,-1.13967e-25,20
4.165,20,-1.03607e-25,20
4.17,20,-9.41879e-26,20
4.175,20,-8.56254e-26,20
4.18,20,-7.78413e-26,20
4.185,20,-7.07648e-26,20
4.19,20,-6.43316e-26,20
4.195,20,-5.84833e-26,20
4.2,20,-5.31666e-26,20
4.205,20,-4.83333e-26,20
4.21,20,-4.39394e-26,20
4.215,20,-3.99449e-26,20
4.22,20,-3.63135e-26,20
4.225,20,-3.30123e-26,20
4.23,20,-3.00112e-26,20
4.235,20,-2.72829e-26,20
4.24,20,-2.48026e-26,20
4.245,20,-2.25478e-26,20
4.25,20,-2.0498e-26,20
4.255,20,-1.86346e-26,20
4.26,20,-1.69405e-26,20
4.265,20,-1.54005e-26,20
4.27,20,-1.40004e-26,20
4.275,20,-1.27277e-26,20
4.28,20,-1.15706e-26,20
4.285,20,-1.05187e-26,20
4.29,20,-9.56249e-27,20
4.295,20,-8.69317e-27,20
4.3,20,-7.90288e-27,20
4.305,20,-7.18444e-27,20
4.31,20,-6.53131e-27,20
4.315,20,-5.93755e-27,20
4.32,20,-5.39777e-27,20
4.325,20,-4.90707e-27,20
4.33,20,-4.46097e-27,20
4.335,20,-4.05543e-27,20
4.34,20,-3.68675e-27,20
4.345,20,-3.35159e-27,20
4.35,20,-3.0469e-27,20
4.355,20,-2.76991e-27,20
4.36,20,-2.5181e-27,20
4.365,20,-2.28918e-27,20
4.37,20,-2.08108e-27,20
4.375,20,-1.89189e-27,20
4.38,20,-1.7199e-27,20
4.385,20,-1.56354e-27,20
4.39,20,-1.4214e-27,20
4.395,20,-1.29218e-27,20
4.4,20,-1.17471e-27,20
4.405,20,-1.06792e-27,20
4.41,20,-9.70837e-28,20
4.415,20,-8.82579e-28,20
4.42,20,-8.02345e-28,20
4.425,20,-7.29404e-28,20
4.43,20,-6.63095e-28,20
4.435,20,-6.02814e-28,20
4.44,20,-5.48012e-28,20
4.445,20,-4.98193e-28,20
4.45,20,-4.52903e-28,20
4.455,20,-4.1173e-28,20
4.46,20,-3.743e-28,20
4.465,20,-3.40273e-28,20
4.47,20,-3.09339e-28,20
4.475,20,-2.81217e-28,20
4.48,20,-2.55652e-28,20
4.485,20,-2.32411e-28,20
4.49,20,-2.11282e-28,20
4.495,20,-1.92075e-28,20
4.5,20,-1.74614e-28,20
4.505,20,-1.5874e-28,20
4.51,20,-1.44309e-28,20
4.515,20,-1.3119e-28,20
4.52,20,-1.19263e-28,20
4.525,20,-1.08421e-28,20
4.53,20,-9.85648e-29,20
4.535,20,-8.96044e-29,20
4.54,20,-8.14585e-29,20
4.545,20,-7.40532e-29,20
4.55,20,-6.73211e-29,20
4.555,20,-6.1201e-29,20
4.56,20,-5.56373e-29,20
4.565,20,-5.05793e-29,20
4.57,20,-4.59812e-29,20
4.575,20,-4.18011e-29,20
4.58,20,-3.8001e-29,20
4.585,20,-3.45464e-29,20
4.59,20,-3.14058e-29,20
4.595,20,-2.85507e-29,20
4.6,20,-2.59552e-29,20
4.605,20,-2.35956e-29,20
4.61,20,-2.14506e-29,20
4.615,20,-1.95005e-29,20
4.62,20,-1.77278e-29,20
4.625,20,-1.61161e-29,20
4.63,20,-1.4651e-29,20
4.635,20,-1.33191e-29,20
4.64,20,-1.21083e-29,20
4.645,20,-1.10075e-29,20
4.65,20,-1.00069e-29,20
4.655,20,-9.09714e-30,20
4.66,20,-8.27013e-30,20
4.665,20,-7.5183e-30,20
4.67,20,-6.83482e-30,20
4.675,20,-6.21347e-30,20
4.68,20,-5.64861e-30,20
4.685,20,-5.1351e-30,20
4.69,20,-4.66827e-30,20
4.695,20,-4.24388e-30,20
4.7,20,-3.85808e-30,20
4.705,20,-3.50734e-30,20
4.71,20,-3.18849e-30,20
4.715,20,-2.89863e-30,20
4.72,20,-2.63512e-30,20
4.725,20,-2.39556e-30,20
4.73,20,-2.17778e-30,20
4.735,20,-1.9798e-30,20
4.74,20,-1.79982e-30,20
4.745,20,-1.6362e-30,20
4.75,20,-1.48746e-30,20
4.755,20,-1.35223e-30,20
4.76,20,-1.2293e-30,20
4.765,20,-1.11755e-30,20
4.77,20,-1.01595e-30,20
4.775,20,-9.23593e-31,20
4.78,20,-8.3963e-31,20
4.785,20,-7.633e-31,20
4.79,20,-6.93909e-31,20
4.795,20,-6.30826e-31,20
4.8,20,-5.73478e-31,20
4.805,20,-5.21344e-31,20
4.81,20,-4.73949e-31,20
4.815,20,-4.30863e-31,20
4.82,20,-3.91693e-31,20
4.825,20,-3.56085e-31,20
4.83,20,-3.23714e-31,20
4.835,20,-2.94285e-31,20
4.84,20,-2.67532e-31,20
4.845,20,-2.43211e-31,20
4.85,20,-2.21101e-31,20
4.855,20,-2.01001e-31,20
4.86,20,-1.82728e-31,20
4.865,20,-1.66116e-31,20
4.87,20,-1.51015e-31,20
4.875,20,-1.37286e-31,20
4.88,20,-1.24806e-31,20
4.885,20,-1.1346e-31,20
4.89,20,-1.03145e-31,20
4.895,20,-9.37683e-32,20
4.9,20,-8.52439e-32,20
4.905,20,-7.74945e-32,20
4.91,20,-7.04495e-32,20
4.915,20,-6.4045e-32,20
4.92,20,-5.82227e-32,20
4.925,20,-5.29298e-32,20
4.93,20,-4.8118e-32,20
4.935,20,-4.37436e-32,20
4.94,20,-3.97669e-32,20
4.945,20,-3.61517e-32,20
4.95,20,-3.28652e-32,20
4.955,20,-2.98775e-32,20
4.96,20,-2.71613e-32,20
4.965,20,-2.46921e-32,20
4.97,20,-2.24474e-32,20
4.975,20,-2.04067e-32,20
4.98,20,-1.85516e-32,20
4.985,20,-1.68651e-32,20
4.99,20,-1.53319e-32,20
4.995,20,-1.39381e-32,20
5,20,-1.2671e-32,20
5.005,20,-1.15191e-32,20
5.01,20,-1.04719e-32,20
5.015,20,-9.51988e-33,20
5.02,20,-8.65444e-33,20
5.025,20,-7.86767e-33,20
5.03,20,-7.15243e-33,20
5.035,20,-6.50221e-33,20
5.04,20,-5.9111e-33,20
5.045,20,-5.37372e-33,20
5.05,20,-4.8852e-33,20
5.055,20,-4.44109e-33,20
5.06,20,-4.03736e-33,20
5.065,20,-3.67033e-33,20
5.07,20,-3.33666e-33,20
5.075,20,-3.03333e-33,20
5.08,20,-2.75757e-33,20
5.085,20,-2.50688e-33,20
5.09,20,-2.27898e-33,20
5.095,20,-2.0718e-33,20
5.1,20,-1.88346e-33,20
5.105,20,-1.71223e-33,20
5.11,20,-1.55658e-33,20
5.115,20,-1.41507e-33,20
5.12,20,-1.28643e-33,20
5.125,20,-1.16948e-33,20
5.13,20,-1.06316e-33,20
5.135,20,-9.66512e-34,20
5.14,20,-8.78647e-34,20
5.145,20,-7.9877e-34,20
5.15,20,-7.26154e-34,20
5.155,20,-6.6014e-34,20
5.16,20,-6.00128e-34,20
5.165,20,-5.45571e-34,20
5.17,20,-4.95973e-34,20
5.175,20,-4.50885e-34,20
5.18,20,-4.09895e-34,20
5.185,20,-3.72632e-34,20
5.19,20,-3.38756e-34,20
5.195,20,-3.0796e-34,20
5.2,20,-2.79964e-34,20
5.205,20,-2.54513e-34,20
5.21,20,-2.31375e-34,20
5.215,20,-2.10341e-34,20
5.22,20,-1.91219e-34,20
5.225,20,-1.73836e-34,20
5.23,20,-1.58032e-34,20
5.235,20,-1.43666e-34,20
5.24,20,-1.30605e-34,20
5.245,20,-1.18732e-34,20
5.25,20,-1.07938e-34,20
5.255,20,-9.81257e-35,20
5.26,20,-8.92052e-35,20
5.265,20,-8.10956e-35,20
5.27,20,-7.37233e-35,20
5.275,20,-6.70212e-35,20
5.28,20,-6.09283e-35,20
5.285,20,-5.53894e-35,20
5.29,20,-5.0354e-35,20
5.295,20,-4.57764e-35,20
5.3,20,-4.16149e-35,20
5.305,20,-3.78317e-35,20
5.31,20,-3.43924e-35,20
5.315,20,-3.12659e-35,20
5.32,20,-2.84235e-35,20
5.325,20,-2.58396e-35,20
5.33,20,-2.34905e-35,20
5.335,20,-2.1355e-35,20
5.34,20,-1.94136e-35,20
5.345,20,-1.76488e-35,20
5.35,20,-1.60443e-35,20
5.355,20,-1.45858e-35,20
5.36,20,-1.32598e-35,20
5.365,20,-1.20543e-35,20
5.37,20,-1.09585e-35,20
5.375,20,-9.96227e-36,20
5.38,20,-9.05661e-36,20
5.385,20,-8.23328e-36,20
5.39,20,-7.4848e-36,20
5.395,20,-6.80436e-36,20
5.4,20,-6.18578e-36,20
5.405,20,-5.62344e-36,20
5.41,20,-5.11222e-36,20
5.415,20,-4.64747e-36,20
5.42,20,-4.22497e-36,20
5.425,20,-3.84089e-36,20
5.43,20,-3.49171e-36,20
5.435,20,-3.17429e-36,20
5.44,20,-2.88571e-36,20
5.445,20,-2.62338e-36,20
5.45,20,-2.38489e-36,20
5.455,20,-2.16808e-36,20
5.46,20,-1.97098e-36,20
5.465,20,-1.7918e-36,20
5.47,20,-1.62891e-36,20
5.475,20,-1.48083e-36,20
5.48,20,-1.34621e-36,20
5.485,20,-1.22382e-36,20
5.49,20,-1.11257e-36,20
5.495,20,-1.01143e-36,20
5.5,20,-9.19477e-37,20
5.505,20,-8.35889e-37,20
5.51,20,-7.59899e-37,20
5.515,20,-6.90817e-37,20
5.52,20,-6.28015e-37,20
5.525,20,-5.70923e-37,20
5.53,20,-5.19021e-37,20
5.535,20,-4.71837e-37,20
5.54,20,-4.28943e-37,20
5.545,20,-3.89948e-37,20
5.55,20,-3.54498e-37,20
5.555,20,-3.22271e-37,20
5.56,20,-2.92974e-37,20
5.565,20,-2.6634e-37,20
5.57,20,-2.42127e-37,20
5.575,20,-2.20116e-37,20
5.58,20,-2.00105e-37,20
5.585,20,-1.81914e-37,20
5.59,20,-1.65376e-37,20
5.595,20,-1.50342e-37,20
5.6,20,-1.36674e-37,20
5.605,20,-1.2425e-37,20
5.61,20,-1.12954e-37,20
5.615,20,-1.02686e-37,20
5.62,20,-9.33505e-38,20
5.625,20,-8.48641e-38,20
5.63,20,-7.71492e-38,20
5.635,20,-7.01356e-38,20
5.64,20,-6.37596e-38,20
5.645,20,-5.79633e-38,20
5.65,20,-5.26939e-38,20
5.655,20,-4.79036e-38,20
5.66,20,-4.35487e-38,20
5.665,20,-3.95897e-38,20
5.67,20,-3.59907e-38,20
5.675,20,-3.27188e-38,20
5.68,20,-2.97443e-38,20
5.685,20,-2.70403e-38,20
5.69,20,-2.45821e-38,20
5.695,20,-2.23474e-38,20
5.7,20,-2.03158e-38,20
5.705,20,-1.84689e-38,20
5.71,20,-1.67899e-38,20
5.715,20,-1.52636e-38,20
5.72,20,-1.3876e-38,20
5.725,20,-1.26145e-38,20
5.73,20,-1.14677e-38,20
5.735,20,-1.04252e-38,20
5.74,20,-9.47746e-39,20
5.745,20,-8.61588e-39,20
5.75,20,-7.83262e-39,20
5.755,20,-7.12056e-39,20
5.76,20,-6.47324e-39,20
5.765,20,-5.88476e-39,20
5.77,20,-5.34978e-39,20
5.775,20,-4.86344e-39,20
5.78,20,-4.42131e-39,20
5.785,20,-4.01937e-39,20
5.79,20,-3.65397e-39,20
5.795,20,-3.32179e-39,20
5.8,20,-3.01981e-39,20
5.805,20,-2.74528e-39,20
5.81,20,-2.49571e-39,20
5.815,20,-2.26883e-39,20
5.82,20,-2.06257e-39,20
5.825,20,-1.87507e-39,20
5.83,20,-1.70461e-39,20
5.835,20,-1.54964e-39,20
5.84,20,-1.40876e-39,20
5.845,20,-1.2807e-39,20
5.85,20,-1.16427e-39,20
5.855,20,-1.05843e-39,20
5.86,20,-9.62205e-40,20
5.865,20,-8.74732e-40,20
5.87,20,-7.95211e-40,20
5.875,20,-7.22919e-40,20
5.88,20,-6.57199e-40,20
5.885,20,-5.97454e-40,20
5.89,20,-5.4314e-40,20
5.895,20,-4.93763e-40,20
5.9,20,-4.48876e-40,20
5.905,20,-4.08069e-40,20
5.91,20,-3.70972e-40,20
5.915,20,-3.37247e-40,20
5.92,20,-3.06588e-40,20
5.925,20,-2.78717e-40,20
5.93,20,-2.53379e-40,20
5.935,20,-2.30344e-40,20
5.94,20,-2.09404e-40,20
5.945,20,-1.90367e-40,20
5.95,20,-1.73061e-40,20
5.955,20,-1.57328e-40,20
5.96,20,-1.43026e-40,20
5.965,20,-1.30023e-40,20
5.97,20,-1.18203e-40,20
5.975,20,-1.07457e-40,20
5.98,20,-9.76885e-41,20
5.985,20,-8.88077e-41,20
5.99,20,-8.07343e-41,20
5.995,20,-7.33948e-41,20
6,12,-27.2,20
6.005,12,-27.2,20
6.01,12,-27.2,20
6.015,12,-27.2,20
6.02,12,-27.2,20
6.025,12,-27.2,20
6.03,12,-27.2,20
6.035,12,-27.2,20
6.04,12,-27.2,20
6.045,12,-27.2,20
6.05,12,-27.2,20
6.055,12,-27.2,20
6.06,12,-27.2,20
6.065,12,-27.2,20
6.07,12,-27.2,20
6.075,12,-27.2,20
6.08,12,-27.2,20
6.085,12,-27.2,20
6.09,12,-27.2,20
6.095,12,-27.2,20
6.1,12,-27.2,20
6.105,12,-27.2,20
6.11,12,-27.2,20
6.115,12,-27.2,20
6.12,12,-27.2,20
6.125,12,-27.2,20
6.13,12,-27.2,20
6.135,12,-27.2,20
6.14,12,-27.2,20
6.145,12,-27.2,20
6.15,12,-27.2,20
6.155,12,-27.2,20
6.16,12,-27.2,20
6.165,12,-27.2,20
6.17,12,-27.2,20
6.175,12,-27.2,20
6.18,12,-27.2,20
6.185,12,-27.2,20
6.19,12,-27.2,20
6.195,12,-27.2,20
6.2,12,-27.2,19.9
6.205,12,-26.66,19.7
6.21,12,-25.5982,19.6
6.215,12,-25.1111,19.4
6.22,12,-24.0973,19.2
6.225,12,-23.1139,19.1
6.23,12,-22.6981,18.9
6.235,12,-21.7492,18.7
6.24,12,-20.8247,18.6
6.245,12,-20.4625,18.4
6.25,12,-19.5623,18.3
6.255,12,-19.2221,18.1
6.26,12,-18.3419,18
6.265,12,-18.0199,17.8
6.27,12,-17.1563,17.7
6.275,12,-16.8493,17.5
6.28,12,-15.9994,17.4
6.285,12,-15.7049,17.2
6.29,12,-14.8663,17.1
6.295,12,-14.5821,17
6.3,12,-14.2928,16.8
6.305,12,-13.4589,16.7
6.31,12,-13.179,16.6
6.315,12,-12.8936,16.5
6.32,12,-12.6033,16.3
6.325,12,-11.7685,16.2
6.33,12,-11.4877,16.1
6.335,12,-11.2015,16
6.34,12,-10.9105,15.9
6.345,12,-10.615,15.8
6.35,12,-10.3154,15.7
6.355,12,-10.0122,15.6
6.36,12,-9.70565,15.5
6.365,12,-9.39605,15.4
6.37,12,-9.08368,15.3
6.375,12,-8.7688,15.2
6.38,12,-8.45164,15.1
6.385,12,-8.1324,15.1
6.39,12,-8.35127,15
6.395,12,-8.01025,14.9
6.4,12,-7.66931,14.8
6.405,12,-7.32847,14.7
6.41,12,-6.9877,14.7
6.415,12,-7.187,14.6
6.42,12,-6.82818,14.5
6.425,12,-6.47107,14.5
6.43,12,-6.65552,14.4
6.435,12,-6.2832,14.3
6.44,12,-5.91382,14.3
6.445,12,-6.08711,14.2
6.45,12,-5.70464,14.1
6.455,12,-5.32604,14.1
6.46,12,-5.49095,14
6.465,12,-5.10086,14
6.47,12,-5.25533,13.9
6.475,12,-4.85575,13.9
6.48,12,-5.00159,13.8
6.485,12,-4.59417,13.8
6.49,12,-4.73289,13.7
6.495,12,-4.31899,13.7
6.5,12,-4.45181,13.6
6.505,12,-4.03255,13.6
6.51,12,-4.1605,13.6
6.515,12,-4.27682,13.5
6.52,12,-3.84256,13.5
6.525,12,-3.95688,13.4
6.53,12,-3.5208,13.4
6.535,12,-3.63345,13.4
6.54,12,-3.73586,13.3
6.545,12,-3.28897,13.3
6.55,12,-3.39179,13.3
6.555,12,-3.48526,13.2
6.56,12,-3.03024,13.2
6.565,12,-3.12567,13.2
6.57,12,-3.21243,13.1
6.575,12,-2.7513,13.1
6.58,12,-2.84118,13.1
6.585,12,-2.92289,13
6.59,12,-2.45717,13
6.595,12,-2.54289,13
6.6,12,-2.62081,13
6.605,12,-2.69164,12.9
6.61,12,-2.21604,12.9
6.615,12,-2.29276,12.9
6.62,12,-2.36251,12.9
6.625,12,-2.42592,12.8
6.63,12,-1.94356,12.8
6.635,12,-2.01415,12.8
6.64,12,-2.07832,12.8
6.645,12,-2.13665,12.8
6.65,12,-2.18968,12.7
6.655,12,-1.69789,12.7
6.66,12,-1.7599,12.7
6.665,12,-1.81628,12.7
6.67,12,-1.86752,12.7
6.675,12,-1.91411,12.7
6.68,12,-1.95647,12.6
6.685,12,-1.45497,12.6
6.69,12,-1.50815,12.6
6.695,12,-1.5565,12.6
6.7,12,-1.60046,12.6
6.705,12,-1.64042,12.6
6.71,12,-1.67674,12.5
6.715,12,-1.16976,12.5
6.72,12,-1.21797,12.5
6.725,12,-1.26179,12.5
6.73,12,-1.30163,12.5
6.735,12,-1.33784,12.5
6.74,12,-1.37077,12.5
6.745,12,-1.4007,12.5
6.75,12,-1.42791,12.4
6.755,12,-0.912641,12.4
6.76,12,-0.95331,12.4
6.765,12,-0.990282,12.4
6.77,12,-1.02389,12.4
6.775,12,-1.05445,12.4
6.78,12,-1.08223,12.4
6.785,12,-1.10748,12.4
6.79,12,-1.13043,12.4
6.795,12,-1.1513,12.3
6.8,12,-0.630276,12.3
6.805,12,-0.665706,12.3
6.81,12,-0.697914,12.3
6.815,12,-0.727195,12.3
6.82,12,-0.753813,12.3
6.825,12,-0.778012,12.3
6.83,12,-0.800011,12.3
6.835,12,-0.82001,12.3
6.84,12,-0.838191,12.3
6.845,12,-0.854719,12.3
6.85,12,-0.869745,12.3
6.855,12,-0.883404,12.3
6.86,12,-0.895822,12.2
6.865,12,-0.367111,12.2
6.87,12,-0.395555,12.2
6.875,12,-0.421414,12.2
6.88,12,-0.444922,12.2
6.885,12,-0.466293,12.2
6.89,12,-0.485721,12.2
6.895,12,-0.503382,12.2
6.9,12,-0.519438,12.2
6.905,12,-0.534035,12.2
6.91,12,-0.547304,12.2
6.915,12,-0.559368,12.2
6.92,12,-0.570334,12.2
6.925,12,-0.580304,12.2
6.93,12,-0.589367,12.2
6.935,12,-0.597607,12.2
6.94,12,-0.605097,12.2
6.945,12,-0.611906,12.2
6.95,12,-0.618097,12.2
6.955,12,-0.623724,12.1
6.96,12,-0.0888401,12.1
6.965,12,-0.111673,12.1
6.97,12,-0.13243,12.1
6.975,12,-0.1513,12.1
6.98,12,-0.168454,12.1
6.985,12,-0.184049,12.1
6.99,12,-0.198227,12.1
6.995,12,-0.211115,12.1
7,12,-0.222832,12.1
7.005,12,-0.233484,12.1
7.01,12,-0.243167,12.1
7.015,12,-0.25197,12.1
7.02,12,-0.259973,12.1
7.025,12,-0.267248,12.1
7.03,12,-0.273862,12.1
7.035,12,-0.279874,12.1
7.04,12,-0.28534,12.1
7.045,12,-0.290309,12.1
7.05,12,-0.294827,12.1
7.055,12,-0.298933,12.1
7.06,12,-0.302667,12.1
7.065,12,-0.306061,12.1
7.07,12,-0.309146,12.1
7.075,12,-0.311951,12.1
7.08,12,-0.314501,12.1
7.085,12,-0.316819,12.1
7.09,12,-0.318926,12.1
7.095,12,-0.320842,12.1
7.1,12,-0.322584,12.1
7.105,12,-0.324167,12.1
7.11,12,-0.325606,12.1
7.115,12,-0.326915,12.1
7.12,12,-0.328104,12.1
7.125,12,-0.329186,12.1
7.13,12,-0.330169,12.1
7.135,12,-0.331063,12.1
7.14,12,-0.331875,12.1
7.145,12,-0.332614,12.1
7.15,12,-0.333285,12.1
7.155,12,-0.333896,12
7.16,12,0.205549,12
7.165,12,0.186863,12
7.17,12,0.169876,12
7.175,12,0.154432,12
7.18,12,0.140393,12
7.185,12,0.12763,12
7.19,12,0.116027,12
7.195,12,0.105479,12
7.2,12,0.0958903,12
7.205,12,0.087173,12
7.21,12,0.0792482,12
7.215,12,0.0720438,12
7.22,12,0.0654944,12
7.225,12,0.0595403,12
7.23,12,0.0541276,12
7.235,12,0.0492069,12
7.24,12,0.0447335,12
7.245,12,0.0406668,12
7.25,12,0.0369699,12
7.255,12,0.033609,12
7.26,12,0.0305536,12
7.265,12,0.027776,12
7.27,12,0.0252509,12
7.275,12,0.0229554,12
7.28,12,0.0208685,12
7.285,12,0.0189714,12
7.29,12,0.0172467,12
7.295,12,0.0156788,12
7.3,12,0.0142535,12
7.305,12,0.0129577,12
7.31,12,0.0117797,12
7.315,12,0.0107089,12
7.32,12,0.00973532,12
7.325,12,0.00885029,12
7.33,12,0.00804572,12
7.335,12,0.00731429,12
7.34,12,0.00664935,12
7.345,12,0.00604487,12
7.35,12,0.00549533,12
7.355,12,0.00499576,12
7.36,12,0.0045416,12
7.365,12,0.00412873,12
7.37,12,0.00375339,12
7.375,12,0.00341217,12
7.38,12,0.00310197,12
7.385,12,0.00281998,12
7.39,12,0.00256361,12
7.395,12,0.00233056,12
7.4,12,0.00211869,12
7.405,12,0.00192608,12
7.41,12,0.00175098,12
7.415,12,0.0015918,12
7.42,12,0.00144709,12
7.425,12,0.00131554,12
7.43,12,0.00119594,12
7.435,12,0.00108722,12
7.44,12,0.000988384,12
7.445,12,0.000898531,12
7.45,12,0.000816846,12
7.455,12,0.000742588,12
7.46,12,0.00067508,12
7.465,12,0.000613709,12
7.47,12,0.000557917,12
7.475,12,0.000507197,12
7.48,12,0.000461088,12
7.485,12,0.000419171,12
7.49,12,0.000381065,12
7.495,12,0.000346423,12
7.5,12,0.00031493,12
7.505,12,0.0002863,12
7.51,12,0.000260272,12
7.515,12,0.000236611,12
7.52,12,0.000215101,12
7.525,12,0.000195547,12
7.53,12,0.00017777,12
7.535,12,0.000161609,12
7.54,12,0.000146917,12
7.545,12,0.000133561,12
7.55,12,0.000121419,12
7.555,12,0.000110381,12
7.56,12,0.000100346,12
7.565,12,9.12239e-05,12
7.57,12,8.29308e-05,12
7.575,12,7.53917e-05,12
7.58,12,6.85379e-05,12
7.585,12,6.23072e-05,12
7.59,12,5.66429e-05,12
7.595,12,5.14935e-05,12
7.6,12,4.68123e-05,12
7.605,12,4.25566e-05,12
7.61,12,3.86878e-05,12
7.615,12,3.51708e-05,12
7.62,12,3.19734e-05,12
7.625,12,2.90667e-05,12
7.63,12,2.64243e-05,12
7.635,12,2.40221e-05,12
7.64,12,2.18383e-05,12
7.645,12,1.9853e-05,12
7.65,12,1.80482e-05,12
7.655,12,1.64074e-05,12
7.66,12,1.49158e-05,12
7.665,12,1.35599e-05,12
7.67,12,1.23271e-05,12
7.675,12,1.12065e-05,12
7.68,12,1.01877e-05,12
7.685,12,9.26156e-06,12
7.69,12,8.4196e-06,12
7.695,12,7.65418e-06,12
7.7,12,6.95835e-06,12
7.705,12,6.32577e-06,12
7.71,12,5.7507e-06,12
7.715,12,5.22791e-06,12
7.72,12,4.75265e-06,12
7.725,12,4.32059e-06,12
7.73,12,3.92781e-06,12
7.735,12,3.57073e-06,12
7.74,12,3.24612e-06,12
7.745,12,2.95102e-06,12
7.75,12,2.68274e-06,12
7.755,12,2.43886e-06,12
7.76,12,2.21714e-06,12
7.765,12,2.01559e-06,12
7.77,12,1.83235e-06,12
7.775,12,1.66577e-06,12
7.78,12,1.51434e-06,12
7.785,12,1.37667e-06,12
7.79,12,1.25152e-06,12
7.795,12,1.13775e-06,12
7.8,12,1.03431e-06,12
7.805,12,9.40286e-07,12
7.81,12,8.54805e-07,12
7.815,12,7.77095e-07,12
7.82,12,7.0645e-07,12
7.825,12,6.42228e-07,12
7.83,12,5.83843e-07,12
7.835,12,5.30767e-07,12
7.84,12,4.82515e-07,12
7.845,12,4.3865e-07,12
7.85,12,3.98773e-07,12
7.855,12,3.62521e-07,12
7.86,12,3.29564e-07,12
7.865,12,2.99604e-07,12
7.87,12,2.72367e-07,12
7.875,12,2.47607e-07,12
7.88,12,2.25097e-07,12
7.885,12,2.04634e-07,12
7.89,12,1.8603e-07,12
7.895,12,1.69119e-07,12
7.9,12,1.53744e-07,12
7.905,12,1.39767e-07,12
7.91,12,1.27061e-07,12
7.915,12,1.1551e-07,12
7.92,12,1.05009e-07,12
7.925,12,9.5463e-08,12
7.93,12,8.67846e-08,12
7.935,12,7.88951e-08,12
7.94,12,7.17228e-08,12
7.945,12,6.52025e-08,12
7.95,12,5.9275e-08,12
7.955,12,5.38864e-08,12
7.96,12,4.89876e-08,12
7.965,12,4.45342e-08,12
7.97,12,4.04857e-08,12
7.975,12,3.68051e-08,12
7.98,12,3.34592e-08,12
7.985,12,3.04175e-08,12
7.99,12,2.76522e-08,12
7.995,12,2.51384e-08,12
8,12,2.28531e-08,12
8.005,12,2.07755e-08,12
8.01,12,1.88869e-08,12
8.015,12,1.71699e-08,12
8.02,12,1.5609e-08,12
8.025,12,1.419e-08,12
8.03,12,1.29e-08,12
8.035,12,1.17273e-08,12
8.04,12,1.06611e-08,12
8.045,12,9.69194e-09,12
8.05,12,8.81086e-09,12
8.055,12,8.00987e-09,12
8.06,12,7.2817e-09,12
8.065,12,6.61973e-09,12
8.07,12,6.01793e-09,12
8.075,12,5.47085e-09,12
8.08,12,4.9735e-09,12
8.085,12,4.52136e-09,12
8.09,12,4.11033e-09,12
8.095,12,3.73666e-09,12
8.1,12,3.39697e-09,12
8.105,12,3.08815e-09,12
8.11,12,2.80741e-09,12
8.115,12,2.55219e-09,12
8.12,12,2.32017e-09,12
8.125,12,2.10925e-09,12
8.13,12,1.9175e-09,12
8.135,12,1.74318e-09,12
8.14,12,1.58471e-09,12
8.145,12,1.44065e-09,12
8.15,12,1.30968e-09,12
8.155,12,1.19062e-09,12
8.16,12,1.08238e-09,12
8.165,12,9.8398e-10,12
8.17,12,8.94528e-10,12
8.175,12,8.13207e-10,12
8.18,12,7.39279e-10,12
8.185,12,6.72072e-10,12
8.19,12,6.10974e-10,12
8.195,12,5.55431e-10,12
8.2,12,5.04937e-10,12
8.205,12,4.59034e-10,12
8.21,12,4.17304e-10,12
8.215,12,3.79367e-10,12
8.22,12,3.44879e-10,12
8.225,12,3.13526e-10,12
8.23,12,2.85024e-10,12
8.235,12,2.59113e-10,12
8.24,12,2.35557e-10,12
8.245,12,2.14143e-10,12
8.25,12,1.94675e-10,12
8.255,12,1.76978e-10,12
8.26,12,1.60889e-10,12
8.265,12,1.46262e-10,12
8.27,12,1.32966e-10,12
8.275,12,1.20878e-10,12
8.28,12,1.09889e-10,12
8.285,12,9.98992e-11,12
8.29,12,9.08174e-11,12
8.295,12,8.25613e-11,12
8.3,12,7.50557e-11,12
8.305,12,6.82325e-11,12
8.31,12,6.20295e-11,12
8.315,12,5.63905e-11,12
8.32,12,5.12641e-11,12
8.325,12,4.66037e-11,12
8.33,12,4.2367e-11,12
8.335,12,3.85155e-11,12
8.34,12,3.50141e-11,12
8.345,12,3.1831e-11,12
8.35,12,2.89372e-11,12
8.355,12,2.63066e-11,12
8.36,12,2.39151e-11,12
8.365,12,2.1741e-11,12
8.37,12,1.97645e-11,12
8.375,12,1.79677e-11,12
8.38,12,1.63343e-11,12
8.385,12,1.48494e-11,12
8.39,12,1.34994e-11,12
8.395,12,1.22722e-11,12
8.4,12,1.11566e-11,12
8.405,12,1.01423e-11,12
8.41,12,9.2203e-12,12
8.415,12,8.38209e-12,12
8.42,12,7.62008e-12,12
8.425,12,6.92734e-12,12
8.43,12,6.29759e-12,12
8.435,12,5.72508e-12,12
8.44,12,5.20462e-12,12
8.445,12,4.73147e-12,12
8.45,12,4.30134e-12,12
8.455,12,3.91031e-12,12
8.46,12,3.55482e-12,12
8.465,12,3.23166e-12,12
8.47,12,2.93787e-12,12
8.475,12,2.67079e-12,12
8.48,12,2.42799e-12,12
8.485,12,2.20727e-12,12
8.49,12,2.0066e-12,12
8.495,12,1.82419e-12,12
8.5,12,1.65835e-12,12
8.505,12,1.50759e-12,12
8.51,12,1.37054e-12,12
8.515,12,1.24594e-12,12
8.52,12,1.13268e-12,12
8.525,12,1.02971e-12,12
8.53,12,9.36096e-13,12
8.535,12,8.50996e-13,12
8.54,12,7.73633e-13,12
8.545,12,7.03303e-13,12
8.55,12,6.39366e-13,12
8.555,12,5.81242e-13,12
8.56,12,5.28402e-13,12
8.565,12,4.80365e-13,12
8.57,12,4.36696e-13,12
8.575,12,3.96996e-13,12
8.58,12,3.60906e-13,12
8.585,12,3.28096e-13,12
8.59,12,2.98269e-13,12
8.595,12,2.71154e-13,12
8.6,12,2.46503e-13,12
8.605,12,2.24094e-13,12
8.61,12,2.03722e-13,12
8.615,12,1.85202e-13,12
8.62,12,1.68365e-13,12
8.625,12,1.53059e-13,12
8.63,12,1.39145e-13,12
8.635,12,1.26495e-13,12
8.64,12,1.14996e-13,12
8.645,12,1.04541e-13,12
8.65,12,9.50377e-14,12
8.655,12,8.63979e-14,12
8.66,12,7.85436e-14,12
8.665,12,7.14032e-14,12
8.67,12,6.4912e-14,12
8.675,12,5.90109e-14,12
8.68,12,5.36463e-14,12
8.685,12,4.87694e-14,12
8.69,12,4.43358e-14,12
8.695,12,4.03053e-14,12
8.7,12,3.66412e-14,12
8.705,12,3.33101e-14,12
8.71,12,3.02819e-14,12
8.715,12,2.7529e-14,12
8.72,12,2.50264e-14,12
8.725,12,2.27513e-14,12
8.73,12,2.0683e-14,12
8.735,12,1.88027e-14,12
8.74,12,1.70934e-14,12
8.745,12,1.55394e-14,12
8.75,12,1.41267e-14,12
8.755,12,1.28425e-14,12
8.76,12,1.1675e-14,12
8.765,12,1.06136e-14,12
8.77,12,9.64876e-15,12
8.775,12,8.7716e-15,12
8.78,12,7.97418e-15,12
8.785,12,7.24926e-15,12
8.79,12,6.59023e-15,12
8.795,12,5.99112e-15,12
8.8,12,5.44647e-15,12
8.805,12,4.95134e-15,12
8.81,12,4.50122e-15,12
8.815,12,4.09202e-15,12
8.82,12,3.72001e-15,12
8.825,12,3.38183e-15,12
8.83,12,3.07439e-15,12
8.835,12,2.7949e-15,12
8.84,12,2.54082e-15,12
8.845,12,2.30984e-15,12
8.85,12,2.09985e-15,12
8.855,12,1.90896e-15,12
8.86,12,1.73541e-15,12
8.865,12,1.57765e-15,12
8.87,12,1.43423e-15,12
8.875,12,1.30384e-15,12
8.88,12,1.18531e-15,12
8.885,12,1.07756e-15,12
8.89,12,9.79596e-16,12
8.895,12,8.90542e-16,12
8.9,12,8.09584e-16,12
8.905,12,7.35985e-16,12
8.91,12,6.69077e-16,12
8.915,12,6.08252e-16,12
8.92,12,5.52956e-16,12
8.925,12,5.02688e-16,12
8.93,12,4.56989e-16,12
8.935,12,4.15444e-16,12
8.94,12,3.77677e-16,12
8.945,12,3.43342e-16,12
8.95,12,3.1213e-16,12
8.955,12,2.83754e-16,12
8.96,12,2.57958e-16,12
8.965,12,2.34508e-16,12
8.97,12,2.13189e-16,12
8.975,12,1.93808e-16,12
8.98,12,1.76189e-16,12
8.985,12,1.60172e-16,12
8.99,12,1.45611e-16,12
8.995,12,1.32373e-16,12
9,12,1.20339e-16,12
9.005,12,1.09399e-16,12
9.01,12,9.94541e-17,12
9.015,12,9.04128e-17,12
9.02,12,8.21935e-17,12
9.025,12,7.47213e-17,12
9.03,12,6.79285e-17,12
9.035,12,6.17532e-17,12
9.04,12,5.61392e-17,12
9.045,12,5.10357e-17,12
9.05,12,4.63961e-17,12
9.055,12,4.21782e-17,12
9.06,12,3.83439e-17,12
9.065,12,3.4858e-17,12
9.07,12,3.16891e-17,12
9.075,12,2.88083e-17,12
9.08,12,2.61894e-17,12
9.085,12,2.38085e-17,12
9.09,12,2.16441e-17,12
9.095,12,1.96765e-17,12
9.1,12,1.78877e-17,12
9.105,12,1.62615e-17,12
9.11,12,1.47832e-17,12
9.115,12,1.34393e-17,12
9.12,12,1.22175e-17,12
9.125,12,1.11068e-17,12
9.13,12,1.00971e-17,12
9.135,12,9.17921e-18,12
9.14,12,8.34474e-18,12
9.145,12,7.58613e-18,12
9.15,12,6.89648e-18,12
9.155,12,6.26953e-18,12
9.16,12,5.69957e-18,12
9.165,12,5.18143e-18,12
9.17,12,4.71039e-18,12
9.175,12,4.28217e-18,12
9.18,12,3.89288e-18,12
9.185,12,3.53898e-18,12
9.19,12,3.21726e-18,12
9.195,12,2.92478e-18,12
9.2,12,2.65889e-18,12
9.205,12,2.41717e-18,12
9.21,12,2.19743e-18,12
9.215,12,1.99766e-18,12
9.22,12,1.81606e-18,12
9.225,12,1.65096e-18,12
9.23,12,1.50087e-18,12
9.235,12,1.36443e-18,12
9.24,12,1.24039e-18,12
9.245,12,1.12763e-18,12
9.25,12,1.02512e-18,12
9.255,12,9.31925e-19,12
9.26,12,8.47205e-19,12
9.265,12,7.70186e-19,12
9.27,12,7.00169e-19,12
9.275,12,6.36517e-19,12
9.28,12,5.78652e-19,12
9.285,12,5.26047e-19,12
9.29,12,4.78225e-19,12
9.295,12,4.3475e-19,12
9.3,12,3.95227e-19,12
9.305,12,3.59297e-19,12
9.31,12,3.26634e-19,12
9.315,12,2.9694e-19,12
9.32,12,2.69946e-19,12
9.325,12,2.45405e-19,12
9.33,12,2.23095e-19,12
9.335,12,2.02814e-19,12
9.34,12,1.84376e-19,12
9.345,12,1.67615e-19,12
9.35,12,1.52377e-19,12
9.355,12,1.38525e-19,12
9.36,12,1.25932e-19,12
9.365,12,1.14483e-19,12
9.37,12,1.04076e-19,12
9.375,12,9.46143e-20,12
9.38,12,8.6013e-20,12
9.385,12,7.81936e-20,12
9.39,12,7.10851e-20,12
9.395,12,6.46228e-20,12
9.4,12,5.8748e-20,12
9.405,12,5.34073e-20,12
9.41,12,4.85521e-20,12
9.415,12,4.41383e-20,12
9.42,12,4.01257e-20,12
9.425,12,3.64779e-20,12
9.43,12,3.31617e-20,12
9.435,12,3.0147e-20,12
9.44,12,2.74064e-20,12
9.445,12,2.49149e-20,12
9.45,12,2.26499e-20,12
9.455,12,2.05908e-20,12
9.46,12,1.87189e-20,12
9.465,12,1.70172e-20,12
9.47,12,1.54702e-20,12
9.475,12,1.40638e-20,12
9.48,12,1.27853e-20,12
9.485,12,1.1623e-20,12
9.49,12,1.05663e-20,12
9.495,12,9.60577e-21,12
9.5,12,8.73252e-21,12
9.505,12,7.93865e-21,12
9.51,12,7.21696e-21,12
9.515,12,6.56087e-21,12
9.52,12,5.96443e-21,12
9.525,12,5.42221e-21,12
9.53,12,4.92928e-21,12
9.535,12,4.48116e-21,12
9.54,12,4.07378e-21,12
9.545,12,3.70344e-21,12
9.55,12,3.36676e-21,12
9.555,12,3.06069e-21,12
9.56,12,2.78245e-21,12
9.565,12,2.5295e-21,12
9.57,12,2.29954e-21,12
9.575,12,2.0905e-21,12
9.58,12,1.90045e-21,12
9.585,12,1.72768e-21,12
9.59,12,1.57062e-21,12
9.595,12,1.42784e-21,12
9.6,12,1.29803e-21,12
9.605,12,1.18003e-21,12
9.61,12,1.07275e-21,12
9.615,12,9.75231e-22,12
9.62,12,8.86574e-22,12
9.625,12,8.05976e-22,12
9.63,12,7.32706e-22,12
9.635,12,6.66096e-22,12
9.64,12,6.05542e-22,12
9.645,12,5.50493e-22,12
9.65,12,5.00448e-22,12
9.655,12,4.54953e-22,12
9.66,12,4.13593e-22,12
9.665,12,3.75994e-22,12
9.67,12,3.41813e-22,12
9.675,12,3.10739e-22,12
9.68,12,2.8249e-22,12
9.685,12,2.56809e-22,12
9.69,12,2.33463e-22,12
9.695,12,2.12239e-22,12
9.7,12,1.92944e-22,12
9.705,12,1.75404e-22,12
9.71,12,1.59458e-22,12
9.715,12,1.44962e-22,12
9.72,12,1.31784e-22,12
9.725,12,1.19803e-22,12
9.73,12,1.08912e-22,12
9.735,12,9.9011e-23,12
9.74,12,9.001e-23,12
9.745,12,8.18272e-23,12
9.75,12,7.43884e-23,12
9.755,12,6.76258e-23,12
9.76,12,6.1478e-23,12
9.765,12,5.58891e-23,12
9.77,12,5.08083e-23,12
9.775,12,4.61893e-23,12
9.78,12,4.19903e-23,12
9.785,12,3.8173e-23,12
9.79,12,3.47027e-23,12
9.795,12,3.15479e-23,12
9.8,12,2.86799e-23,12
9.805,12,2.60727e-23,12
9.81,12,2.37024e-23,12
9.815,12,2.15477e-23,12
9.82,12,1.95888e-23,12
9.825,12,1.7808e-23,12
9.83,12,1.61891e-23,12
9.835,12,1.47173e-23,12
9.84,12,1.33794e-23,12
9.845,12,1.21631e-23,12
9.85,12,1.10574e-23,12
9.855,12,1.00521e-23,12
9.86,12,9.13832e-24,12
9.865,12,8.30756e-24,12
9.87,12,7.55233e-24,12
9.875,12,6.86575e-24,12
9.88,12,6.24159e-24,12
9.885,12,5.67417e-24,12
9.89,12,5.15834e-24,12
9.895,12,4.6894e-24,12
9.9,12,4.26309e-24,12
9.905,12,3.87554e-24,12
9.91,12,3.52322e-24,12
9.915,12,3.20292e-24,12
9.92,12,2.91175e-24,12
9.925,12,2.64704e-24,12
9.93,12,2.4064e-24,12
9.935,12,2.18764e-24,12
9.94,12,1.98876e-24,12
9.945,12,1.80797e-24,12
9.95,12,1.64361e-24,12
9.955,12,1.49419e-24,12
9.96,12,1.35835e-24,12
9.965,12,1.23487e-24,12
9.97,12,1.12261e-24,12
9.975,12,1.02055e-24,12
9.98,12,9.27773e-25,12
9.985,12,8.4343e-25,12
9.99,12,7.66754e-25,12
9.995,12,6.9705e-25,12
10,12,6.33681e-25,12
10.005,12,5.76074e-25,12
10.01,12,5.23704e-25,12
10.015,12,4.76094e-25,12
10.02,12,4.32813e-25,12
10.025,12,3.93466e-25,12
10.03,12,3.57697e-25,12
10.035,12,3.25179e-25,12
10.04,12,2.95617e-25,12
10.045,12,2.68743e-25,12
10.05,12,2.44312e-25,12
10.055,12,2.22101e-25,12
10.06,12,2.0191e-25,12
10.065,12,1.83555e-25,12
10.07,12,1.66868e-25,12
10.075,12,1.51698e-25,12
10.08,12,1.37908e-25,12
10.085,12,1.2537e-25,12
10.09,12,1.13973e-25,12
10.095,12,1.03612e-25,12
10.1,12,9.41927e-26,12
10.105,12,8.56297e-26,12
10.11,12,7.78452e-26,12
10.115,12,7.07684e-26,12
10.12,12,6.43349e-26,12
10.125,12,5.84863e-26,12
10.13,12,5.31693e-26,12
10.135,12,4.83357e-26,12
10.14,12,4.39416e-26,12
10.145,12,3.99469e-26,12
10.15,12,3.63154e-26,12
10.155,12,3.3014e-26,12
10.16,12,3.00127e-26,12
10.165,12,2.72843e-26,12
10.17,12,2.48039e-26,12
10.175,12,2.2549e-26,12
10.18,12,2.04991e-26,12
10.185,12,1.86355e-26,12
10.19,12,1.69414e-26,12
10.195,12,1.54013e-26,12
10.2,12,1.40011e-26,12
10.205,12,1.27283e-26,12
10.21,12,1.15712e-26,12
10.215,12,1.05193e-26,12
10.22,12,9.56297e-27,12
10.225,12,8.69361e-27,12
10.23,12,7.90328e-27,12
10.235,12,7.1848e-27,12
10.24,12,6.53164e-27,12
10.245,12,5.93785e-27,12
10.25,12,5.39805e-27,12
10.255,12,4.90732e-27,12
10.26,12,4.4612e-27,12
10.265,12,4.05563e-27,12
10.27,12,3.68694e-27,12
10.275,12,3.35176e-27,12
10.28,12,3.04706e-27,12
10.285,12,2.77005e-27,12
10.29,12,2.51823e-27,12
10.295,12,2.2893e-27,12
10.3,12,2.08118e-27,12
10.305,12,1.89198e-27,12
10.31,12,1.71998e-27,12
10.315,12,1.56362e-27,12
10.32,12,1.42147e-27,12
10.325,12,1.29225e-27,12
10.33,12,1.17477e-27,12
10.335,12,1.06797e-27,12
10.34,12,9.70886e-28,12
10.345,12,8.82624e-28,12
10.35,12,8.02385e-28,12
10.355,12,7.29441e-28,12
10.36,12,6.63128e-28,12
10.365,12,6.02844e-28,12
10.37,12,5.4804e-28,12
10.375,12,4.98218e-28,12
10.38,12,4.52926e-28,12
10.385,12,4.11751e-28,12
10.39,12,3.74319e-28,12
10.395,12,3.4029e-28,12
10.4,12,3.09354e-28,12
10.405,12,2.81231e-28,12
10.41,12,2.55665e-28,12
10.415,12,2.32422e-28,12
10.42,12,2.11293e-28,12
10.425,12,1.92085e-28,12
10.43,12,1.74622e-28,12
10.435,12,1.58748e-28,12
10.44,12,1.44316e-28,12
10.445,12,1.31196e-28,12
10.45,12,1.19269e-28,12
10.455,12,1.08427e-28,12
10.46,12,9.85698e-29,12
10.465,12,8.96089e-29,12
10.47,12,8.14627e-29,12
10.475,12,7.4057e-29,12
10.48,12,6.73245e-29,12
10.485,12,6.12041e-29,12
10.49,12,5.56401e-29,12
10.495,12,5.05819e-29,12
10.5,12,4.59835e-29,12
10.505,12,4.18032e-29,12
10.51,12,3.80029e-29,12
10.515,12,3.45481e-29,12
10.52,12,3.14074e-29,12
10.525,12,2.85522e-29,12
10.53,12,2.59565e-29,12
10.535,12,2.35968e-29,12
10.54,12,2.14517e-29,12
10.545,12,1.95015e-29,12
10.55,12,1.77286e-29,12
10.555,12,1.6117e-29,12
10.56,12,1.46518e-29,12
10.565,12,1.33198e-29,12
10.57,12,1.21089e-29,12
10.575,12,1.10081e-29,12
10.58,12,1.00074e-29,12
10.585,12,9.0976e-30,12
10.59,12,8.27054e-30,12
10.595,12,7.51868e-30,12
10.6,12,6.83516e-30,12
10.605,12,6.21378e-30,12
10.61,12,5.64889e-30,12
10.615,12,5.13536e-30,12
10.62,12,4.66851e-30,12
10.625,12,4.2441e-30,12
10.63,12,3.85827e-30,12
10.635,12,3.50752e-30,12
10.64,12,3.18865e-30,12
10.645,12,2.89878e-30,12
10.65,12,2.63525e-30,12
10.655,12,2.39568e-30,12
10.66,12,2.17789e-30,12
10.665,12,1.9799e-30,12
10.67,12,1.79991e-30,12
10.675,12,1.63628e-30,12
10.68,12,1.48753e-30,12
10.685,12,1.3523e-30,12
10.69,12,1.22936e-30,12
10.695,12,1.1176e-30,12
10.7,12,1.016e-30,12
10.705,12,9.23639e-31,12
10.71,12,8.39672e-31,12
10.715,12,7.63338e-31,12
10.72,12,6.93944e-31,12
10.725,12,6.30858e-31,12
10.73,12,5.73507e-31,12
10.735,12,5.2137e-31,12
10.74,12,4.73973e-31,12
10.745,12,4.30884e-31,12
10.75,12,3.91713e-31,12
10.755,12,3.56103e-31,12
10.76,12,3.2373e-31,12
10.765,12,2.943e-31,12
10.77,12,2.67545e-31,12
10.775,12,2.43223e-31,12
10.78,12,2.21112e-31,12
10.785,12,2.01011e-31,12
10.79,12,1.82737e-31,12
10.795,12,1.66125e-31,12
10.8,12,1.51022e-31,12
10.805,12,1.37293e-31,12
10.81,12,1.24812e-31,12
10.815,12,1.13465e-31,12
10.82,12,1.0315e-31,12
10.825,12,9.3773e-32,12
10.83,12,8.52482e-32,12
10.835,12,7.74984e-32,12
10.84,12,7.04531e-32,12
10.845,12,6.40482e-32,12
10.85,12,5.82257e-32,12
10.855,12,5.29324e-32,12
10.86,12,4.81204e-32,12
10.865,12,4.37458e-32,12
10.87,12,3.97689e-32,12
10.875,12,3.61536e-32,12
10.88,12,3.28669e-32,12
10.885,12,2.9879e-32,12
10.89,12,2.71627e-32,12
10.895,12,2.46934e-32,12
10.9,12,2.24485e-32,12
10.905,12,2.04077e-32,12
10.91,12,1.85525e-32,12
10.915,12,1.68659e-32,12
10.92,12,1.53326e-32,12
10.925,12,1.39388e-32,12
10.93,12,1.26716e-32,12
10.935,12,1.15196e-32,12
10.94,12,1.04724e-32,12
10.945,12,9.52036e-33,12
10.95,12,8.65487e-33,12
10.955,12,7.86807e-33,12
10.96,12,7.15279e-33,12
10.965,12,6.50254e-33,12
10.97,12,5.9114e-33,12
10.975,12,5.374e-33,12
10.98,12,4.88545e-33,12
10.985,12,4.44132e-33,12
10.99,12,4.03756e-33,12
10.995,12,3.67051e-33,12
11,13.5,5.1,12
11.005,13.5,5.1,12
11.01,13.5,5.1,12
11.015,13.5,5.1,12
11.02,13.5,5.1,12
11.025,13.5,5.1,12
11.03,13.5,5.1,12
11.035,13.5,5.1,12
11.04,13.5,5.1,12
11.045,13.5,5.1,12
11.05,13.5,5.1,12
11.055,13.5,5.1,12
11.06,13.5,5.1,12
11.065,13.5,5.1,12
11.07,13.5,5.1,12
11.075,13.5,5.1,12
11.08,13.5,5.1,12
11.085,13.5,5.1,12
11.09,13.5,5.1,12
11.095,13.5,5.1,12
11.1,13.5,5.1,12
11.105,13.5,5.1,12
11.11,13.5,5.1,12
11.115,13.5,5.1,12
11.12,13.5,5.1,12
11.125,13.5,5.1,12
11.13,13.5,5.1,12
11.135,13.5,5.1,12
11.14,13.5,5.1,12
11.145,13.5,5.1,12
11.15,13.5,5.1,12
11.155,13.5,5.1,12
11.16,13.5,5.1,12
11.165,13.5,5.1,12
11.17,13.5,5.1,12
11.175,13.5,5.1,12
11.18,13.5,5.1,12
11.185,13.5,5.1,12
11.19,13.5,5.1,12
11.195,13.5,5.1,12
11.2,13.5,5.1,12
11.205,13.5,5.1,12
11.21,13.5,5.1,12
11.215,13.5,5.1,12
11.22,13.5,5.1,12
11.225,13.5,5.1,12
11.23,13.5,5.1,12
11.235,13.5,5.1,12
11.24,13.5,5.1,12
11.245,13.5,5.1,12
11.25,13.5,5.1,12
11.255,13.5,5.1,12
11.26,13.5,5.1,12
11.265,13.5,5.1,12
11.27,13.5,5.1,12
11.275,13.5,5.1,12
11.28,13.5,5.1,12
11.285,13.5,5.1,12
11.29,13.5,5.1,12
11.295,13.5,5.1,12
11.3,13.5,5.1,12
11.305,13.5,5.1,12
11.31,13.5,5.1,12
11.315,13.5,5.1,12
11.32,13.5,5.1,12
11.325,13.5,5.1,12
11.33,13.5,5.1,12
11.335,13.5,5.1,12
11.34,13.5,5.1,12
11.345,13.5,5.1,12
11.35,13.5,5.1,12
11.355,13.5,5.1,12
11.36,13.5,5.1,12
11.365,13.5,5.1,12
11.37,13.5,5.1,12
11.375,13.5,5.1,12
11.38,13.5,5.1,12
11.385,13.5,5.1,12
11.39,13.5,5.1,12
11.395,13.5,5.1,12
11.4,13.5,5.1,12
11.405,13.5,5.1,12
11.41,13.5,5.1,12
11.415,13.5,5.1,12
11.42,13.5,5.1,12
11.425,13.5,5.1,12
11.43,13.5,5.1,12
11.435,13.5,5.1,12
11.44,13.5,5.1,12
11.445,13.5,5.1,12
11.45,13.5,5.1,12
11.455,13.5,5.1,12
11.46,13.5,5.1,12
11.465,13.5,5.1,12
11.47,13.5,5.1,12
11.475,13.5,5.1,12
11.48,13.5,5.1,12
11.485,13.5,5.1,12
11.49,13.5,5.1,12
11.495,13.5,5.1,12
11.5,13.5,5.1,12
11.505,13.5,5.1,12
11.51,13.5,5.1,12
11.515,13.5,5.1,12
11.52,13.5,5.1,12
11.525,13.5,5.1,12
11.53,13.5,5.1,12
11.535,13.5,5.1,12
11.54,13.5,5.1,12
11.545,13.5,5.1,12
11.55,13.5,5.1,12
11.555,13.5,5.1,12
11.56,13.5,5.1,12
11.565,13.5,5.1,12
11.57,13.5,5.1,12
11.575,13.5,5.1,12
11.58,13.5,5.1,12
11.585,13.5,5.1,12
11.59,13.5,5.1,12
11.595,13.5,5.1,12
11.6,13.5,5.1,12
11.605,13.5,5.1,12
11.61,13.5,5.1,12
11.615,13.5,5.1,12
11.62,13.5,5.1,12
11.625,13.5,5.1,12
11.63,13.5,5.1,12
11.635,13.5,5.1,12
11.64,13.5,5.1,12
11.645,13.5,5.1,12
11.65,13.5,5.1,12
11.655,13.5,5.1,12
11.66,13.5,5.1,12
11.665,13.5,5.1,12
11.67,13.5,5.1,12
11.675,13.5,5.1,12
11.68,13.5,5.1,12
11.685,13.5,5.1,12
11.69,13.5,5.1,12
11.695,13.5,5.1,12
11.7,13.5,5.1,12
11.705,13.5,5.1,12
11.71,13.5,5.1,12
11.715,13.5,5.1,12
11.72,13.5,5.1,12
11.725,13.5,5.1,12
11.73,13.5,5.1,12
11.735,13.5,5.1,12
11.74,13.5,5.1,12
11.745,13.5,5.1,12
11.75,13.5,5.1,12
11.755,13.5,5.1,12
11.76,13.5,5.1,12
11.765,13.5,5.1,12
11.77,13.5,5.1,12
11.775,13.5,5.1,12
11.78,13.5,5.1,12
11.785,13.5,5.1,12
11.79,13.5,5.1,12
11.795,13.5,5.1,12
11.8,13.5,5.1,12
11.805,13.5,5.1,12
11.81,13.5,5.1,12
11.815,13.5,5.1,12
11.82,13.5,5.1,12.1
11.825,13.5,4.56,12.1
11.83,13.5,4.57818,12.1
11.835,13.5,4.59471,12.2
11.84,13.5,4.06974,12.2
11.845,13.5,4.10158,12.2
11.85,13.5,4.13053,12.3
11.855,13.5,3.61684,12.3
11.86,13.5,3.65895,12.3
11.865,13.5,3.69723,12.4
11.87,13.5,3.19202,12.4
11.875,13.5,3.24184,12.4
11.88,13.5,3.28713,12.4
11.885,13.5,3.3283,12.5
11.89,13.5,2.82572,12.5
11.895,13.5,2.87793,12.5
11.9,13.5,2.92539,12.6
11.905,13.5,2.42854,12.6
11.91,13.5,2.48594,12.6
11.915,13.5,2.53813,12.6
11.92,13.5,2.58557,12.6
11.925,13.5,2.6287,12.7
11.93,13.5,2.12791,12.7
11.935,13.5,2.18174,12.7
11.94,13.5,2.23067,12.7
11.945,13.5,2.27516,12.8
11.95,13.5,1.7756,12.8
11.955,13.5,1.83054,12.8
11.96,13.5,1.88049,12.8
11.965,13.5,1.9259,12.8
11.97,13.5,1.96718,12.9
11.975,13.5,1.46471,12.9
11.98,13.5,1.51701,12.9
11.985,13.5,1.56456,12.9
11.99,13.5,1.60778,12.9
11.995,13.5,1.64707,12.9
12,13.5,1.68279,12.9
12.005,13.5,1.71527,13
12.01,13.5,1.20479,13
12.015,13.5,1.24981,13
12.02,13.5,1.29073,13
12.025,13.5,1.32794,13
12.03,13.5,1.36176,13
12.035,13.5,1.39251,13
12.04,13.5,1.42046,13.1
12.045,13.5,0.905877,13.1
12.05,13.5,0.947161,13.1
12.055,13.5,0.984692,13.1
12.06,13.5,1.01881,13.1
12.065,13.5,1.04983,13.1
12.07,13.5,1.07803,13.1
12.075,13.5,1.10366,13.1
12.08,13.5,1.12696,13.1
12.085,13.5,1.14815,13.2
12.09,13.5,0.627408,13.2
12.095,13.5,0.663098,13.2
12.1,13.5,0.695543,13.2
12.105,13.5,0.72504,13.2
12.11,13.5,0.751854,13.2
12.115,13.5,0.776231,13.2
12.12,13.5,0.798392,13.2
12.125,13.5,0.818538,13.2
12.13,13.5,0.836853,13.2
12.135,13.5,0.853503,13.2
12.14,13.5,0.868639,13.2
12.145,13.5,0.882399,13.2
12.15,13.5,0.894908,13.3
12.155,13.5,0.36628,13.3
12.16,13.5,0.3948,13.3
12.165,13.5,0.420727,13.3
12.17,13.5,0.444297,13.3
12.175,13.5,0.465725,13.3
12.18,13.5,0.485205,13.3
12.185,13.5,0.502913,13.3
12.19,13.5,0.519012,13.3
12.195,13.5,0.533647,13.3
12.2,13.5,0.546952,13.3
12.205,13.5,0.559047,13.3
12.21,13.5,0.570043,13.3
12.215,13.5,0.580039,13.3
12.22,13.5,0.589126,13.3
12.225,13.5,0.597388,13.3
12.23,13.5,0.604898,13.3
12.235,13.5,0.611725,13.3
12.24,13.5,0.617932,13.4
12.245,13.5,0.0835747,13.4
12.25,13.5,0.106886,13.4
12.255,13.5,0.128078,13.4
12.26,13.5,0.147344,13.4
12.265,13.5,0.164858,13.4
12.27,13.5,0.18078,13.4
12.275,13.5,0.195255,13.4
12.28,13.5,0.208413,13.4
12.285,13.5,0.220376,13.4
12.29,13.5,0.231251,13.4
12.295,13.5,0.241137,13.4
12.3,13.5,0.250124,13.4
12.305,13.5,0.258295,13.4
12.31,13.5,0.265723,13.4
12.315,13.5,0.272475,13.4
12.32,13.5,0.278614,13.4
12.325,13.5,0.284194,13.4
12.33,13.5,0.289268,13.4
12.335,13.5,0.29388,13.4
12.34,13.5,0.298072,13.4
12.345,13.5,0.301884,13.4
12.35,13.5,0.305349,13.4
12.355,13.5,0.308499,13.4
12.36,13.5,0.311363,13.4
12.365,13.5,0.313966,13.4
12.37,13.5,0.316333,13.4
12.375,13.5,0.318485,13.4
12.38,13.5,0.32044,13.4
12.385,13.5,0.322219,13.4
12.39,13.5,0.323835,13.4
12.395,13.5,0.325305,13.4
12.4,13.5,0.326641,13.4
12.405,13.5,0.327855,13.4
12.41,13.5,0.328959,13.4
12.415,13.5,0.329963,13.4
12.42,13.5,0.330875,13.4
12.425,13.5,0.331705,13.4
12.43,13.5,0.332459,13.4
12.435,13.5,0.333145,13.4
12.44,13.5,0.333768,13.5
12.445,13.5,-0.205666,13.5
12.45,13.5,-0.186969,13.5
12.455,13.5,-0.169972,13.5
12.46,13.5,-0.15452,13.5
12.465,13.5,-0.140472,13.5
12.47,13.5,-0.127702,13.5
12.475,13.5,-0.116093,13.5
12.48,13.5,-0.105539,13.5
12.485,13.5,-0.0959446,13.5
12.49,13.5,-0.0872223,13.5
12.495,13.5,-0.079293,13.5
12.5,13.5,-0.0720846,13.5
12.505,13.5,-0.0655314,13.5
12.51,13.5,-0.059574,13.5
12.515,13.5,-0.0541582,13.5
12.52,13.5,-0.0492347,13.5
12.525,13.5,-0.0447588,13.5
12.53,13.5,-0.0406899,13.5
12.535,13.5,-0.0369908,13.5
12.54,13.5,-0.033628,13.5
12.545,13.5,-0.0305709,13.5
12.55,13.5,-0.0277917,13.5
12.555,13.5,-0.0252652,13.5
12.56,13.5,-0.0229684,13.5
12.565,13.5,-0.0208803,13.5
12.57,13.5,-0.0189821,13.5
12.575,13.5,-0.0172565,13.5
12.58,13.5,-0.0156877,13.5
12.585,13.5,-0.0142615,13.5
12.59,13.5,-0.012965,13.5
12.595,13.5,-0.0117864,13.5
12.6,13.5,-0.0107149,13.5
12.605,13.5,-0.00974083,13.5
12.61,13.5,-0.0088553,13.5
12.615,13.5,-0.00805027,13.5
12.62,13.5,-0.00731843,13.5
12.625,13.5,-0.00665312,13.5
12.63,13.5,-0.00604829,13.5
12.635,13.5,-0.00549844,13.5
12.64,13.5,-0.00499859,13.5
12.645,13.5,-0.00454417,13.5
12.65,13.5,-0.00413106,13.5
12.655,13.5,-0.00375551,13.5
12.66,13.5,-0.0034141,13.5
12.665,13.5,-0.00310373,13.5
12.67,13.5,-0.00282157,13.5
12.675,13.5,-0.00256506,13.5
12.68,13.5,-0.00233188,13.5
12.685,13.5,-0.00211989,13.5
12.69,13.5,-0.00192717,13.5
12.695,13.5,-0.00175197,13.5
12.7,13.5,-0.0015927,13.5
12.705,13.5,-0.00144791,13.5
12.71,13.5,-0.00131628,13.5
12.715,13.5,-0.00119662,13.5
12.72,13.5,-0.00108784,13.5
12.725,13.5,-0.000988944,13.5
12.73,13.5,-0.00089904,13.5
12.735,13.5,-0.000817309,13.5
12.74,13.5,-0.000743008,13.5
12.745,13.5,-0.000675462,13.5
12.75,13.5,-0.000614056,13.5
12.755,13.5,-0.000558233,13.5
12.76,13.5,-0.000507484,13.5
12.765,13.5,-0.000461349,13.5
12.77,13.5,-0.000419409,13.5
12.775,13.5,-0.000381281,13.5
12.78,13.5,-0.000346619,13.5
12.785,13.5,-0.000315108,13.5
12.79,13.5,-0.000286462,13.5
12.795,13.5,-0.00026042,13.5
12.8,13.5,-0.000236745,13.5
12.805,13.5,-0.000215223,13.5
12.81,13.5,-0.000195657,13.5
12.815,13.5,-0.00017787,13.5
12.82,13.5,-0.0001617,13.5
12.825,13.5,-0.000147,13.5
12.83,13.5,-0.000133637,13.5
12.835,13.5,-0.000121488,13.5
12.84,13.5,-0.000110443,13.5
12.845,13.5,-0.000100403,13.5
12.85,13.5,-9.12755e-05,13.5
12.855,13.5,-8.29778e-05,13.5
12.86,13.5,-7.54343e-05,13.5
12.865,13.5,-6.85767e-05,13.5
12.87,13.5,-6.23424e-05,13.5
12.875,13.5,-5.66749e-05,13.5
12.88,13.5,-5.15227e-05,13.5
12.885,13.5,-4.68388e-05,13.5
12.89,13.5,-4.25807e-05,13.5
12.895,13.5,-3.87097e-05,13.5
12.9,13.5,-3.51907e-05,13.5
12.905,13.5,-3.19915e-05,13.5
12.91,13.5,-2.90832e-05,13.5
12.915,13.5,-2.64393e-05,13.5
12.92,13.5,-2.40357e-05,13.5
12.925,13.5,-2.18506e-05,13.5
12.93,13.5,-1.98642e-05,13.5
12.935,13.5,-1.80584e-05,13.5
12.94,13.5,-1.64167e-05,13.5
12.945,13.5,-1.49243e-05,13.5
12.95,13.5,-1.35675e-05,13.5
12.955,13.5,-1.23341e-05,13.5
12.96,13.5,-1.12128e-05,13.5
12.965,13.5,-1.01935e-05,13.5
12.97,13.5,-9.2668e-06,13.5
12.975,13.5,-8.42437e-06,13.5
12.98,13.5,-7.65851e-06,13.5
12.985,13.5,-6.96229e-06,13.5
12.99,13.5,-6.32935e-06,13.5
12.995,13.5,-5.75396e-06,13.5
13,13.5,-5.23087e-06,13.5
13.005,13.5,-4.75534e-06,13.5
13.01,13.5,-4.32303e-06,13.5
13.015,13.5,-3.93003e-06,13.5
13.02,13.5,-3.57275e-06,13.5
13.025,13.5,-3.24796e-06,13.5
13.03,13.5,-2.95269e-06,13.5
13.035,13.5,-2.68426e-06,13.5
13.04,13.5,-2.44024e-06,13.5
13.045,13.5,-2.2184e-06,13.5
13.05,13.5,-2.01673e-06,13.5
13.055,13.5,-1.83339e-06,13.5
13.06,13.5,-1.66672e-06,13.5
13.065,13.5,-1.5152e-06,13.5
13.07,13.5,-1.37745e-06,13.5
13.075,13.5,-1.25223e-06,13.5
13.08,13.5,-1.13839e-06,13.5
13.085,13.5,-1.0349e-06,13.5
13.09,13.5,-9.40818e-07,13.5
13.095,13.5,-8.55289e-07,13.5
13.1,13.5,-7.77535e-07,13.5
13.105,13.5,-7.0685e-07,13.5
13.11,13.5,-6.42591e-07,13.5
13.115,13.5,-5.84174e-07,13.5
13.12,13.5,-5.31067e-07,13.5
13.125,13.5,-4.82788e-07,13.5
13.13,13.5,-4.38898e-07,13.5
13.135,13.5,-3.98999e-07,13.5
13.14,13.5,-3.62726e-07,13.5
13.145,13.5,-3.29751e-07,13.5
13.15,13.5,-2.99774e-07,13.5
13.155,13.5,-2.72521e-07,13.5
13.16,13.5,-2.47747e-07,13.5
13.165,13.5,-2.25224e-07,13.5
13.17,13.5,-2.04749e-07,13.5
13.175,13.5,-1.86136e-07,13.5
13.18,13.5,-1.69214e-07,13.5
13.185,13.5,-1.53831e-07,13.5
13.19,13.5,-1.39847e-07,13.5
13.195,13.5,-1.27133e-07,13.5
13.2,13.5,-1.15576e-07,13.5
13.205,13.5,-1.05069e-07,13.5
13.21,13.5,-9.55171e-08,13.5
13.215,13.5,-8.68337e-08,13.5
13.22,13.5,-7.89397e-08,13.5
13.225,13.5,-7.17634e-08,13.5
13.23,13.5,-6.52395e-08,13.5
13.235,13.5,-5.93086e-08,13.5
13.24,13.5,-5.39169e-08,13.5
13.245,13.5,-4.90154e-08,13.5
13.25,13.5,-4.45594e-08,13.5
13.255,13.5,-4.05086e-08,13.5
13.26,13.5,-3.6826e-08,13.5
13.265,13.5,-3.34782e-08,13.5
13.27,13.5,-3.04347e-08,13.5
13.275,13.5,-2.76679e-08,13.5
13.28,13.5,-2.51526e-08,13.5
13.285,13.5,-2.2866e-08,13.5
13.29,13.5,-2.07873e-08,13.5
13.295,13.5,-1.88975e-08,13.5
13.3,13.5,-1.71796e-08,13.5
13.305,13.5,-1.56178e-08,13.5
13.31,13.5,-1.4198e-08,13.5
13.315,13.5,-1.29073e-08,13.5
13.32,13.5,-1.17339e-08,13.5
13.325,13.5,-1.06672e-08,13.5
13.33,13.5,-9.69743e-09,13.5
13.335,13.5,-8.81584e-09,13.5
13.34,13.5,-8.0144e-09,13.5
13.345,13.5,-7.28582e-09,13.5
13.35,13.5,-6.62347e-09,13.5
13.355,13.5,-6.02134e-09,13.5
13.36,13.5,-5.47395e-09,13.5
13.365,13.5,-4.97631e-09,13.5
13.37,13.5,-4.52392e-09,13.5
13.375,13.5,-4.11266e-09,13.5
13.38,13.5,-3.73878e-09,13.5
13.385,13.5,-3.39889e-09,13.5
13.39,13.5,-3.0899e-09,13.5
13.395,13.5,-2.809e-09,13.5
13.4,13.5,-2.55364e-09,13.5
13.405,13.5,-2.32149e-09,13.5
13.41,13.5,-2.11044e-09,13.5
13.415,13.5,-1.91858e-09,13.5
13.42,13.5,-1.74417e-09,13.5
13.425,13.5,-1.58561e-09,13.5
13.43,13.5,-1.44146e-09,13.5
13.435,13.5,-1.31042e-09,13.5
13.44,13.5,-1.19129e-09,13.5
13.445,13.5,-1.08299e-09,13.5
13.45,13.5,-9.84537e-10,13.5
13.455,13.5,-8.95034e-10,13.5
13.46,13.5,-8.13667e-10,13.5
13.465,13.5,-7.39697e-10,13.5
13.47,13.5,-6.72452e-10,13.5
13.475,13.5,-6.1132e-10,13.5
13.48,13.5,-5.55746e-10,13.5
13.485,13.5,-5.05223e-10,13.5
13.49,13.5,-4.59294e-10,13.5
13.495,13.5,-4.1754e-10,13.5
13.5,13.5,-3.79582e-10,13.5
13.505,13.5,-3.45074e-10,13.5
13.51,13.5,-3.13704e-10,13.5
13.515,13.5,-2.85185e-10,13.5
13.52,13.5,-2.59259e-10,13.5
13.525,13.5,-2.3569e-10,13.5
13.53,13.5,-2.14264e-10,13.5
13.535,13.5,-1.94785e-10,13.5
13.54,13.5,-1.77078e-10,13.5
13.545,13.5,-1.6098e-10,13.5
13.55,13.5,-1.46345e-10,13.5
13.555,13.5,-1.33041e-10,13.5
13.56,13.5,-1.20946e-10,13.5
13.565,13.5,-1.09951e-10,13.5
13.57,13.5,-9.99557e-11,13.5
13.575,13.5,-9.08688e-11,13.5
13.58,13.5,-8.2608e-11,13.5
13.585,13.5,-7.50982e-11,13.5
13.59,13.5,-6.82711e-11,13.5
13.595,13.5,-6.20646e-11,13.5
13.6,13.5,-5.64224e-11,13.5
13.605,13.5,-5.12931e-11,13.5
13.61,13.5,-4.66301e-11,13.5
13.615,13.5,-4.2391e-11,13.5
13.62,13.5,-3.85373e-11,13.5
13.625,13.5,-3.50339e-11,13.5
13.63,13.5,-3.1849e-11,13.5
13.635,13.5,-2.89536e-11,13.5
13.64,13.5,-2.63215e-11,13.5
13.645,13.5,-2.39286e-11,13.5
13.65,13.5,-2.17533e-11,13.5
13.655,13.5,-1.97757e-11,13.5
13.66,13.5,-1.79779e-11,13.5
13.665,13.5,-1.63436e-11,13.5
13.67,13.5,-1.48578e-11,13.5
13.675,13.5,-1.35071e-11,13.5
13.68,13.5,-1.22792e-11,13.5
13.685,13.5,-1.11629e-11,13.5
13.69,13.5,-1.01481e-11,13.5
13.695,13.5,-9.22551e-12,13.5
13.7,13.5,-8.38683e-12,13.5
13.705,13.5,-7.62439e-12,13.5
13.71,13.5,-6.93127e-12,13.5
13.715,13.5,-6.30115e-12,13.5
13.72,13.5,-5.72832e-12,13.5
13.725,13.5,-5.20756e-12,13.5
13.73,13.5,-4.73415e-12,13.5
13.735,13.5,-4.30377e-12,13.5
13.74,13.5,-3.91252e-12,13.5
13.745,13.5,-3.55684e-12,13.5
13.75,13.5,-3.23349e-12,13.5
13.755,13.5,-2.93953e-12,13.5
13.76,13.5,-2.6723e-12,13.5
13.765,13.5,-2.42937e-12,13.5
13.77,13.5,-2.20851e-12,13.5
13.775,13.5,-2.00774e-12,13.5
13.78,13.5,-1.82522e-12,13.5
13.785,13.5,-1.65929e-12,13.5
13.79,13.5,-1.50845e-12,13.5
13.795,13.5,-1.37131e-12,13.5
13.8,13.5,-1.24665e-12,13.5
13.805,13.5,-1.13332e-12,13.5
13.81,13.5,-1.03029e-12,13.5
13.815,13.5,-9.36626e-13,13.5
13.82,13.5,-8.51478e-13,13.5
13.825,13.5,-7.74071e-13,13.5
13.83,13.5,-7.03701e-13,13.5
13.835,13.5,-6.39728e-13,13.5
13.84,13.5,-5.81571e-13,13.5
13.845,13.5,-5.28701e-13,13.5
13.85,13.5,-4.80637e-13,13.5
13.855,13.5,-4.36943e-13,13.5
13.86,13.5,-3.97221e-13,13.5
13.865,13.5,-3.6111e-13,13.5
13.87,13.5,-3.28282e-13,13.5
13.875,13.5,-2.98438e-13,13.5
13.88,13.5,-2.71307e-13,13.5
13.885,13.5,-2.46643e-13,13.5
13.89,13.5,-2.24221e-13,13.5
13.895,13.5,-2.03837e-13,13.5
13.9,13.5,-1.85306e-13,13.5
13.905,13.5,-1.6846e-13,13.5
13.91,13.5,-1.53146e-13,13.5
13.915,13.5,-1.39223e-13,13.5
13.92,13.5,-1.26567e-13,13.5
13.925,13.5,-1.15061e-13,13.5
13.93,13.5,-1.04601e-13,13.5
13.935,13.5,-9.50915e-14,13.5
13.94,13.5,-8.64468e-14,13.5
13.945,13.5,-7.8588e-14,13.5
13.95,13.5,-7.14436e-14,13.5
13.955,13.5,-6.49488e-14,13.5
13.96,13.5,-5.90443e-14,13.5
13.965,13.5,-5.36767e-14,13.5
13.97,13.5,-4.8797e-14,13.5
13.975,13.5,-4.43609e-14,13.5
13.98,13.5,-4.03281e-14,13.5
13.985,13.5,-3.66619e-14,13.5
13.99,13.5,-3.3329e-14,13.5
13.995,13.5,-3.02991e-14,13.5
14,13.5,-2.75446e-14,13.5
14.005,13.5,-2.50406e-14,13.5
14.01,13.5,-2.27641e-14,13.5
14.015,13.5,-2.06947e-14,13.5
14.02,13.5,-1.88133e-14,13.5
14.025,13.5,-1.7103e-14,13.5
14.03,13.5,-1.55482e-14,13.5
14.035,13.5,-1.41347e-14,13.5
14.04,13.5,-1.28498e-14,13.5
14.045,13.5,-1.16816e-14,13.5
14.05,13.5,-1.06196e-14,13.5
14.055,13.5,-9.65422e-15,13.5
14.06,13.5,-8.77656e-15,13.5
14.065,13.5,-7.9787e-15,13.5
14.07,13.5,-7.25336e-15,13.5
14.075,13.5,-6.59396e-15,13.5
14.08,13.5,-5.99451e-15,13.5
14.085,13.5,-5.44956e-15,13.5
14.09,13.5,-4.95414e-15,13.5
14.095,13.5,-4.50377e-15,13.5
14.1,13.5,-4.09433e-15,13.5
14.105,13.5,-3.72212e-15,13.5
14.11,13.5,-3.38375e-15,13.5
14.115,13.5,-3.07613e-15,13.5
14.12,13.5,-2.79648e-15,13.5
14.125,13.5,-2.54226e-15,13.5
14.13,13.5,-2.31114e-15,13.5
14.135,13.5,-2.10104e-15,13.5
14.14,13.5,-1.91004e-15,13.5
14.145,13.5,-1.7364e-15,13.5
14.15,13.5,-1.57854e-15,13.5
14.155,13.5,-1.43504e-15,13.5
14.16,13.5,-1.30458e-15,13.5
14.165,13.5,-1.18598e-15,13.5
14.17,13.5,-1.07817e-15,13.5
14.175,13.5,-9.80151e-16,13.5
14.18,13.5,-8.91046e-16,13.5
14.185,13.5,-8.10042e-16,13.5
14.19,13.5,-7.36402e-16,13.5
14.195,13.5,-6.69456e-16,13.5
14.2,13.5,-6.08596e-16,13.5
14.205,13.5,-5.53269e-16,13.5
14.21,13.5,-5.02972e-16,13.5
14.215,13.5,-4.57247e-16,13.5
14.22,13.5,-4.1568e-16,13.5
14.225,13.5,-3.7789e-16,13.5
14.23,13.5,-3.43537e-16,13.5
14.235,13.5,-3.12306e-16,13.5
14.24,13.5,-2.83915e-16,13.5
14.245,13.5,-2.58104e-16,13.5
14.25,13.5,-2.3464e-16,13.5
14.255,13.5,-2.13309e-16,13.5
14.26,13.5,-1.93918e-16,13.5
14.265,13.5,-1.76289e-16,13.5
14.27,13.5,-1.60262e-16,13.5
14.275,13.5,-1.45693e-16,13.5
14.28,13.5,-1.32448e-16,13.5
14.285,13.5,-1.20408e-16,13.5
14.29,13.5,-1.09461e-16,13.5
14.295,13.5,-9.95104e-17,13.5
14.3,13.5,-9.0464e-17,13.5
14.305,13.5,-8.224e-17,13.5
14.31,13.5,-7.47636e-17,13.5
14.315,13.5,-6.79669e-17,13.5
14.32,13.5,-6.17881e-17,13.5
14.325,13.5,-5.6171e-17,13.5
14.33,13.5,-5.10646e-17,13.5
14.335,13.5,-4.64223e-17,13.5
14.34,13.5,-4.22021e-17,13.5
14.345,13.5,-3.83656e-17,13.5
14.35,13.5,-3.48778e-17,13.5
14.355,13.5,-3.17071e-17,13.5
14.36,13.5,-2.88246e-17,13.5
14.365,13.5,-2.62042e-17,13.5
14.37,13.5,-2.3822e-17,13.5
14.375,13.5,-2.16564e-17,13.5
14.38,13.5,-1.96876e-17,13.5
14.385,13.5,-1.78978e-17,13.5
14.39,13.5,-1.62707e-17,13.5
14.395,13.5,-1.47916e-17,13.5
14.4,13.5,-1.34469e-17,13.5
14.405,13.5,-1.22244e-17,13.5
14.41,13.5,-1.11131e-17,13.5
14.415,13.5,-1.01029e-17,13.5
14.42,13.5,-9.18441e-18,13.5
14.425,13.5,-8.34946e-18,13.5
14.43,13.5,-7.59042e-18,13.5
14.435,13.5,-6.90038e-18,13.5
14.44,13.5,-6.27308e-18,13.5
14.445,13.5,-5.7028e-18,13.5
14.45,13.5,-5.18436e-18,13.5
14.455,13.5,-4.71305e-18,13.5
14.46,13.5,-4.28459e-18,13.5
14.465,13.5,-3.89509e-18,13.5
14.47,13.5,-3.54099e-18,13.5
14.475,13.5,-3.21908e-18,13.5
14.48,13.5,-2.92644e-18,13.5
14.485,13.5,-2.6604e-18,13.5
14.49,13.5,-2.41854e-18,13.5
14.495,13.5,-2.19867e-18,13.5
14.5,13.5,-1.9988e-18,13.5
14.505,13.5,-1.81709e-18,13.5
14.51,13.5,-1.6519e-18,13.5
14.515,13.5,-1.50172e-18,13.5
14.52,13.5,-1.3652e-18,13.5
14.525,13.5,-1.24109e-18,13.5
14.53,13.5,-1.12827e-18,13.5
14.535,13.5,-1.0257e-18,13.5
14.54,13.5,-9.32453e-19,13.5
14.545,13.5,-8.47684e-19,13.5
14.55,13.5,-7.70622e-19,13.5
14.555,13.5,-7.00565e-19,13.5
14.56,13.5,-6.36878e-19,13.5
14.565,13.5,-5.7898e-19,13.5
14.57,13.5,-5.26345e-19,13.5
14.575,13.5,-4.78496e-19,13.5
14.58,13.5,-4.34996e-19,13.5
14.585,13.5,-3.95451e-19,13.5
14.59,13.5,-3.59501e-19,13.5
14.595,13.5,-3.26819e-19,13.5
14.6,13.5,-2.97108e-19,13.5
14.605,13.5,-2.70098e-19,13.5
14.61,13.5,-2.45544e-19,13.5
14.615,13.5,-2.23222e-19,13.5
14.62,13.5,-2.02929e-19,13.5
14.625,13.5,-1.84481e-19,13.5
14.63,13.5,-1.6771e-19,13.5
14.635,13.5,-1.52463e-19,13.5
14.64,13.5,-1.38603e-19,13.5
14.645,13.5,-1.26003e-19,13.5
14.65,13.5,-1.14548e-19,13.5
14.655,13.5,-1.04135e-19,13.5
14.66,13.5,-9.46678e-20,13.5
14.665,13.5,-8.60616e-20,13.5
14.67,13.5,-7.82379e-20,13.5
14.675,13.5,-7.11253e-20,13.5
14.68,13.5,-6.46594e-20,13.5
14.685,13.5,-5.87813e-20,13.5
14.69,13.5,-5.34375e-20,13.5
14.695,13.5,-4.85796e-20,13.5
14.7,13.5,-4.41632e-20,13.5
14.705,13.5,-4.01484e-20,13.5
14.71,13.5,-3.64985e-20,13.5
14.715,13.5,-3.31805e-20,13.5
14.72,13.5,-3.01641e-20,13.5
14.725,13.5,-2.74219e-20,13.5
14.73,13.5,-2.4929e-20,13.5
14.735,13.5,-2.26627e-20,13.5
14.74,13.5,-2.06025e-20,13.5
14.745,13.5,-1.87295e-20,13.5
14.75,13.5,-1.70268e-20,13.5
14.755,13.5,-1.54789e-20,13.5
14.76,13.5,-1.40718e-20,13.5
14.765,13.5,-1.27925e-20,13.5
14.77,13.5,-1.16296e-20,13.5
14.775,13.5,-1.05723e-20,13.5
14.78,13.5,-9.61121e-21,13.5
14.785,13.5,-8.73746e-21,13.5
14.79,13.5,-7.94315e-21,13.5
14.795,13.5,-7.22104e-21,13.5
14.8,13.5,-6.56458e-21,13.5
14.805,13.5,-5.9678e-21,13.5
14.81,13.5,-5.42528e-21,13.5
14.815,13.5,-4.93207e-21,13.5
14.82,13.5,-4.4837e-21,13.5
14.825,13.5,-4.07609e-21,13.5
14.83,13.5,-3.70554e-21,13.5
14.835,13.5,-3.36867e-21,13.5
14.84,13.5,-3.06243e-21,13.5
14.845,13.5,-2.78402e-21,13.5
14.85,13.5,-2.53093e-21,13.5
14.855,13.5,-2.30085e-21,13.5
14.86,13.5,-2.09168e-21,13.5
14.865,13.5,-1.90153e-21,13.5
14.87,13.5,-1.72866e-21,13.5
14.875,13.5,-1.57151e-21,13.5
14.88,13.5,-1.42864e-21,13.5
14.885,13.5,-1.29877e-21,13.5
14.89,13.5,-1.1807e-21,13.5
14.895,13.5,-1.07336e-21,13.5
14.9,13.5,-9.75783e-22,13.5
14.905,13.5,-8.87076e-22,13.5
14.91,13.5,-8.06433e-22,13.5
14.915,13.5,-7.33121e-22,13.5
14.92,13.5,-6.66473e-22,13.5
14.925,13.5,-6.05885e-22,13.5
14.93,13.5,-5.50804e-22,13.5
14.935,13.5,-5.00731e-22,13.5
14.94,13.5,-4.5521e-22,13.5
14.945,13.5,-4.13827e-22,13.5
14.95,13.5,-3.76207e-22,13.5
14.955,13.5,-3.42006e-22,13.5
14.96,13.5,-3.10915e-22,13.5
14.965,13.5,-2.8265e-22,13.5
14.97,13.5,-2.56954e-22,13.5
14.975,13.5,-2.33595e-22,13.5
14.98,13.5,-2.12359e-22,13.5
14.985,13.5,-1.93054e-22,13.5
14.99,13.5,-1.75503e-22,13.5
14.995,13.5,-1.59548e-22,13.5
